day,kind,name,start_local,end_local,timezone,end_timezone,start_utc,end_utc,duration_s,distance_m,from_id,to_id,place_id,route_id,notes,purpose,overnight_accommodation,engine_on
1,visit,Bunnings Kingston Warehouse,2027-01-04T09:00:00+11:00,2027-01-04T09:30:00+11:00,Australia/Hobart,Australia/Hobart,2027-01-03T22:00:00+00:00,2027-01-03T22:30:00+00:00,1800,,4457,4457,4457,,Minimum 30-minute site visit; shop opening hours are not enforced.,,,
1,drive,Bunnings Mornington TAS Warehouse,2027-01-04T09:30:00+11:00,2027-01-04T09:54:07+11:00,Australia/Hobart,Australia/Hobart,2027-01-03T22:30:00+00:00,2027-01-03T22:54:07+00:00,1447.0,22740,4457,4467,4467,5ade220a381bde7898616bb1,,,,
1,visit,Bunnings Mornington TAS Warehouse,2027-01-04T09:54:07+11:00,2027-01-04T10:24:07+11:00,Australia/Hobart,Australia/Hobart,2027-01-03T22:54:07+00:00,2027-01-03T23:24:07+00:00,1800,,4467,4467,4467,,Minimum 30-minute site visit; shop opening hours are not enforced.,,,
1,drive,Bunnings Glenorchy Warehouse,2027-01-04T10:24:07+11:00,2027-01-04T10:41:00+11:00,Australia/Hobart,Australia/Hobart,2027-01-03T23:24:07+00:00,2027-01-03T23:41:00+00:00,1013.0,12549,4467,4455,4455,fcfb776b68f78c40e06a922c,,,,
1,visit,Bunnings Glenorchy Warehouse,2027-01-04T10:41:00+11:00,2027-01-04T11:11:00+11:00,Australia/Hobart,Australia/Hobart,2027-01-03T23:41:00+00:00,2027-01-04T00:11:00+00:00,1800,,4455,4455,4455,,Minimum 30-minute site visit; shop opening hours are not enforced.,,,
1,drive,Bunnings Kings Meadows Warehouse,2027-01-04T11:11:00+11:00,2027-01-04T13:14:42+11:00,Australia/Hobart,Australia/Hobart,2027-01-04T00:11:00+00:00,2027-01-04T02:14:42+00:00,7422.0,188997,4455,4422,4422,63ff2bf90274eecdb13390ad,,,,
1,visit,Bunnings Kings Meadows Warehouse,2027-01-04T13:14:42+11:00,2027-01-04T13:44:42+11:00,Australia/Hobart,Australia/Hobart,2027-01-04T02:14:42+00:00,2027-01-04T02:44:42+00:00,1800,,4422,4422,4422,,Minimum 30-minute site visit; shop opening hours are not enforced.,,,
1,drive,Bunnings North Launceston Warehouse,2027-01-04T13:44:42+11:00,2027-01-04T13:56:28+11:00,Australia/Hobart,Australia/Hobart,2027-01-04T02:44:42+00:00,2027-01-04T02:56:28+00:00,706.0,7943,4422,4466,4466,b72a0f1a83ccd6679093e9a9,,,,
1,visit,Bunnings North Launceston Warehouse,2027-01-04T13:56:28+11:00,2027-01-04T14:26:28+11:00,Australia/Hobart,Australia/Hobart,2027-01-04T02:56:28+00:00,2027-01-04T03:26:28+00:00,1800,,4466,4466,4466,,Minimum 30-minute site visit; shop opening hours are not enforced.,,,
1,drive,Argosy Motor Inn,2027-01-04T14:26:28+11:00,2027-01-04T15:34:17+11:00,Australia/Hobart,Australia/Hobart,2027-01-04T03:26:28+00:00,2027-01-04T04:34:17+00:00,4069.0,99214,4466,ChIJk9XtA28zeqoRnRUPV0svae8,ChIJk9XtA28zeqoRnRUPV0svae8,197e90a23ae8ac4f000ce175,,,,
1,overnight,Argosy Motor Inn,2027-01-04T15:34:17+11:00,2027-01-05T09:00:00+11:00,Australia/Hobart,Australia/Hobart,2027-01-04T04:34:17+00:00,2027-01-04T22:00:00+00:00,62743.0,,ChIJk9XtA28zeqoRnRUPV0svae8,ChIJk9XtA28zeqoRnRUPV0svae8,ChIJk9XtA28zeqoRnRUPV0svae8,,Example accommodation stop; availability is not checked.,,,
2,drive,Bunnings Devonport Warehouse,2027-01-05T09:00:00+11:00,2027-01-05T09:02:50+11:00,Australia/Hobart,Australia/Hobart,2027-01-04T22:00:00+00:00,2027-01-04T22:02:50+00:00,170.0,3529,ChIJk9XtA28zeqoRnRUPV0svae8,4468,4468,9c8c3f3715d4afae881bcac8,,,,
2,visit,Bunnings Devonport Warehouse,2027-01-05T09:02:50+11:00,2027-01-05T09:32:50+11:00,Australia/Hobart,Australia/Hobart,2027-01-04T22:02:50+00:00,2027-01-04T22:32:50+00:00,1800,,4468,4468,4468,,Minimum 30-minute site visit; shop opening hours are not enforced.,,,
2,drive,Bunnings Burnie Warehouse,2027-01-05T09:32:50+11:00,2027-01-05T10:02:28+11:00,Australia/Hobart,Australia/Hobart,2027-01-04T22:32:50+00:00,2027-01-04T23:02:28+00:00,1778.0,43938,4468,4453,4453,49c693c7c9737545469d2ae9,,,,
2,visit,Bunnings Burnie Warehouse,2027-01-05T10:02:28+11:00,2027-01-05T10:32:28+11:00,Australia/Hobart,Australia/Hobart,2027-01-04T23:02:28+00:00,2027-01-04T23:32:28+00:00,1800,,4453,4453,4453,,Minimum 30-minute site visit; shop opening hours are not enforced.,,,
2,drive,"Spirit of Tasmania, Devonport Terminal",2027-01-05T10:32:28+11:00,2027-01-05T11:09:25+11:00,Australia/Hobart,Australia/Hobart,2027-01-04T23:32:28+00:00,2027-01-05T00:09:25+00:00,2217.0,48822,4453,ChIJ2yMDaTkzeqoRAHR32k7JAx0,ChIJ2yMDaTkzeqoRAHR32k7JAx0,abf169af4b2032283285da13,,,,
2,wait,"Spirit of Tasmania, Devonport Terminal",2027-01-05T11:09:25+11:00,2027-01-05T20:00:00+11:00,Australia/Hobart,Australia/Hobart,2027-01-05T00:09:25+00:00,2027-01-05T09:00:00+00:00,31835.0,,ChIJ2yMDaTkzeqoRAHR32k7JAx0,ChIJ2yMDaTkzeqoRAHR32k7JAx0,ChIJ2yMDaTkzeqoRAHR32k7JAx0,,Parked at the ferry terminal for check-in and boarding. Part of the approved overnight ferry exception; no road driving.,ferry_check_in,,
2,ferry,"Spirit of Tasmania, Geelong Terminal",2027-01-05T20:00:00+11:00,2027-01-06T07:16:36+11:00,Australia/Hobart,Australia/Melbourne,2027-01-05T09:00:00+00:00,2027-01-05T20:16:36+00:00,40596.0,450554,ChIJ2yMDaTkzeqoRAHR32k7JAx0,ChIJMyY3cEgX1GoReBZvRXZb9wo,ChIJMyY3cEgX1GoReBZvRXZb9wo,ef18fc210d78b79e08ab19b1-overnight-ferry,"Overnight vehicle ferry with a passenger cabin, approved as the exception to 09:00–17:00 road travel. Modelled 20:00 departure; exact Google terminal-to-terminal geometry and duration. Vehicle engine off aboard; dated sailing and cabin availability are not verified.",,ferry_cabin,False
3,wait,"Spirit of Tasmania, Geelong Terminal",2027-01-06T07:16:36+11:00,2027-01-06T09:00:00+11:00,Australia/Melbourne,Australia/Melbourne,2027-01-05T20:16:36+00:00,2027-01-05T22:00:00+00:00,6204.0,,ChIJMyY3cEgX1GoReBZvRXZb9wo,ChIJMyY3cEgX1GoReBZvRXZb9wo,ChIJMyY3cEgX1GoReBZvRXZb9wo,,Parked at the arrival terminal until 09:00 before road travel resumes.,ferry_arrival,,
3,drive,Bunnings Geelong North Warehouse,2027-01-06T09:00:00+11:00,2027-01-06T09:04:51+11:00,Australia/Melbourne,Australia/Melbourne,2027-01-05T22:00:00+00:00,2027-01-05T22:04:51+00:00,291.0,2531,ChIJMyY3cEgX1GoReBZvRXZb9wo,6196,6196,365c6f256be6e4e1f966c50a,,,,
3,visit,Bunnings Geelong North Warehouse,2027-01-06T09:04:51+11:00,2027-01-06T09:34:51+11:00,Australia/Melbourne,Australia/Melbourne,2027-01-05T22:04:51+00:00,2027-01-05T22:34:51+00:00,1800,,6196,6196,6196,,Minimum 30-minute site visit; shop opening hours are not enforced.,,,
3,drive,Bunnings Breakwater Trade Centre,2027-01-06T09:34:51+11:00,2027-01-06T09:51:35+11:00,Australia/Melbourne,Australia/Melbourne,2027-01-05T22:34:51+00:00,2027-01-05T22:51:35+00:00,1004.0,11717,6196,6383,6383,39ee68df84b9156b61ed77b3,,,,
3,visit,Bunnings Breakwater Trade Centre,2027-01-06T09:51:35+11:00,2027-01-06T10:21:35+11:00,Australia/Melbourne,Australia/Melbourne,2027-01-05T22:51:35+00:00,2027-01-05T23:21:35+00:00,1800,,6383,6383,6383,,Minimum 30-minute site visit; shop opening hours are not enforced.,,,
3,drive,Bunnings Waurn Ponds Warehouse,2027-01-06T10:21:35+11:00,2027-01-06T10:34:08+11:00,Australia/Melbourne,Australia/Melbourne,2027-01-05T23:21:35+00:00,2027-01-05T23:34:08+00:00,753.0,7445,6383,6185,6185,9b22a5667c2e830172c6e2bc,,,,
3,visit,Bunnings Waurn Ponds Warehouse,2027-01-06T10:34:08+11:00,2027-01-06T11:04:08+11:00,Australia/Melbourne,Australia/Melbourne,2027-01-05T23:34:08+00:00,2027-01-06T00:04:08+00:00,1800,,6185,6185,6185,,Minimum 30-minute site visit; shop opening hours are not enforced.,,,
3,drive,Bunnings Torquay Warehouse,2027-01-06T11:04:08+11:00,2027-01-06T11:21:02+11:00,Australia/Melbourne,Australia/Melbourne,2027-01-06T00:04:08+00:00,2027-01-06T00:21:02+00:00,1014.0,15427,6185,6388,6388,af05581deb2271e8897b3326,,,,
3,visit,Bunnings Torquay Warehouse,2027-01-06T11:21:02+11:00,2027-01-06T11:51:02+11:00,Australia/Melbourne,Australia/Melbourne,2027-01-06T00:21:02+00:00,2027-01-06T00:51:02+00:00,1800,,6388,6388,6388,,Minimum 30-minute site visit; shop opening hours are not enforced.,,,
3,drive,Bunnings Leopold Warehouse,2027-01-06T11:51:02+11:00,2027-01-06T12:22:47+11:00,Australia/Melbourne,Australia/Melbourne,2027-01-06T00:51:02+00:00,2027-01-06T01:22:47+00:00,1905.0,25545,6388,6431,6431,d942451585d72b7bedc2e345,,,,
3,visit,Bunnings Leopold Warehouse,2027-01-06T12:22:47+11:00,2027-01-06T12:52:47+11:00,Australia/Melbourne,Australia/Melbourne,2027-01-06T01:22:47+00:00,2027-01-06T01:52:47+00:00,1800,,6431,6431,6431,,Minimum 30-minute site visit; shop opening hours are not enforced.,,,
3,drive,Bunnings Manor Lakes Warehouse,2027-01-06T12:52:47+11:00,2027-01-06T13:48:59+11:00,Australia/Melbourne,Australia/Melbourne,2027-01-06T01:52:47+00:00,2027-01-06T02:48:59+00:00,3372.0,55584,6431,6459,6459,e8c26c288f327f95d2358f68,,,,
3,visit,Bunnings Manor Lakes Warehouse,2027-01-06T13:48:59+11:00,2027-01-06T14:18:59+11:00,Australia/Melbourne,Australia/Melbourne,2027-01-06T02:48:59+00:00,2027-01-06T03:18:59+00:00,1800,,6459,6459,6459,,Minimum 30-minute site visit; shop opening hours are not enforced.,,,
3,drive,Bunnings Tarneit Warehouse,2027-01-06T14:18:59+11:00,2027-01-06T14:41:05+11:00,Australia/Melbourne,Australia/Melbourne,2027-01-06T03:18:59+00:00,2027-01-06T03:41:05+00:00,1326.0,13499,6459,6453,6453,4ec1f7c7db97ac7e6c08d962,,,,
3,visit,Bunnings Tarneit Warehouse,2027-01-06T14:41:05+11:00,2027-01-06T15:11:05+11:00,Australia/Melbourne,Australia/Melbourne,2027-01-06T03:41:05+00:00,2027-01-06T04:11:05+00:00,1800,,6453,6453,6453,,Minimum 30-minute site visit; shop opening hours are not enforced.,,,
3,drive,Apple House,2027-01-06T15:11:05+11:00,2027-01-06T15:19:36+11:00,Australia/Melbourne,Australia/Melbourne,2027-01-06T04:11:05+00:00,2027-01-06T04:19:36+00:00,511.0,3472,6453,ChIJKVo-EtiO1moRCeCOolnen5w,ChIJKVo-EtiO1moRCeCOolnen5w,d0c3da3e76e0f7f6b2a8111a,,,,
3,overnight,Apple House,2027-01-06T15:19:36+11:00,2027-01-07T09:00:00+11:00,Australia/Melbourne,Australia/Melbourne,2027-01-06T04:19:36+00:00,2027-01-06T22:00:00+00:00,63624.0,,ChIJKVo-EtiO1moRCeCOolnen5w,ChIJKVo-EtiO1moRCeCOolnen5w,ChIJKVo-EtiO1moRCeCOolnen5w,,Example accommodation stop; availability is not checked.,,,
4,drive,Bunnings Hoppers Crossing Warehouse,2027-01-07T09:00:00+11:00,2027-01-07T09:13:08+11:00,Australia/Melbourne,Australia/Melbourne,2027-01-06T22:00:00+00:00,2027-01-06T22:13:08+00:00,788.0,7420,ChIJKVo-EtiO1moRCeCOolnen5w,6395,6395,e21ba3fe3f7adc10ecad3597,,,,
4,visit,Bunnings Hoppers Crossing Warehouse,2027-01-07T09:13:08+11:00,2027-01-07T09:43:08+11:00,Australia/Melbourne,Australia/Melbourne,2027-01-06T22:13:08+00:00,2027-01-06T22:43:08+00:00,1800,,6395,6395,6395,,Minimum 30-minute site visit; shop opening hours are not enforced.,,,
4,drive,Bunnings Truganina Frame & Truss Plant,2027-01-07T09:43:08+11:00,2027-01-07T09:55:51+11:00,Australia/Melbourne,Australia/Melbourne,2027-01-06T22:43:08+00:00,2027-01-06T22:55:51+00:00,763.0,7730,6395,6379,6379,90d3da9a646e395e845f9159,,,,
4,visit,Bunnings Truganina Frame & Truss Plant,2027-01-07T09:55:51+11:00,2027-01-07T10:25:51+11:00,Australia/Melbourne,Australia/Melbourne,2027-01-06T22:55:51+00:00,2027-01-06T23:25:51+00:00,1800,,6379,6379,6379,,Minimum 30-minute site visit; shop opening hours are not enforced.,,,
4,drive,Bunnings Altona Warehouse,2027-01-07T10:25:51+11:00,2027-01-07T10:37:38+11:00,Australia/Melbourne,Australia/Melbourne,2027-01-06T23:25:51+00:00,2027-01-06T23:37:38+00:00,707.0,8563,6379,6404,6404,f0a1cfba1ae1f72ca60d88e9,,,,
4,visit,Bunnings Altona Warehouse,2027-01-07T10:37:38+11:00,2027-01-07T11:07:38+11:00,Australia/Melbourne,Australia/Melbourne,2027-01-06T23:37:38+00:00,2027-01-07T00:07:38+00:00,1800,,6404,6404,6404,,Minimum 30-minute site visit; shop opening hours are not enforced.,,,
4,drive,Bunnings Port Melbourne Warehouse,2027-01-07T11:07:38+11:00,2027-01-07T11:24:15+11:00,Australia/Melbourne,Australia/Melbourne,2027-01-07T00:07:38+00:00,2027-01-07T00:24:15+00:00,997.0,12410,6404,6042,6042,22bbbc2276b0b742d2f62b64,,,,
4,visit,Bunnings Port Melbourne Warehouse,2027-01-07T11:24:15+11:00,2027-01-07T11:54:15+11:00,Australia/Melbourne,Australia/Melbourne,2027-01-07T00:24:15+00:00,2027-01-07T00:54:15+00:00,1800,,6042,6042,6042,,Minimum 30-minute site visit; shop opening hours are not enforced.,,,
4,drive,Bunnings Collingwood Warehouse,2027-01-07T11:54:15+11:00,2027-01-07T12:14:27+11:00,Australia/Melbourne,Australia/Melbourne,2027-01-07T00:54:15+00:00,2027-01-07T01:14:27+00:00,1212.0,6147,6042,6425,6425,d7240cf72519ad819764887b,,,,
4,visit,Bunnings Collingwood Warehouse,2027-01-07T12:14:27+11:00,2027-01-07T12:44:27+11:00,Australia/Melbourne,Australia/Melbourne,2027-01-07T01:14:27+00:00,2027-01-07T01:44:27+00:00,1800,,6425,6425,6425,,Minimum 30-minute site visit; shop opening hours are not enforced.,,,
4,drive,Bunnings Hawthorn Warehouse,2027-01-07T12:44:27+11:00,2027-01-07T12:56:57+11:00,Australia/Melbourne,Australia/Melbourne,2027-01-07T01:44:27+00:00,2027-01-07T01:56:57+00:00,750.0,4683,6425,6299,6299,146acc965dab94b083fa75d5,,,,
4,visit,Bunnings Hawthorn Warehouse,2027-01-07T12:56:57+11:00,2027-01-07T13:26:57+11:00,Australia/Melbourne,Australia/Melbourne,2027-01-07T01:56:57+00:00,2027-01-07T02:26:57+00:00,1800,,6299,6299,6299,,Minimum 30-minute site visit; shop opening hours are not enforced.,,,
4,drive,Bunnings Fairfield Warehouse,2027-01-07T13:26:57+11:00,2027-01-07T13:41:11+11:00,Australia/Melbourne,Australia/Melbourne,2027-01-07T02:26:57+00:00,2027-01-07T02:41:11+00:00,854.0,7310,6299,6443,6443,ef9b747abf0ab344035062a6,,,,
4,visit,Bunnings Fairfield Warehouse,2027-01-07T13:41:11+11:00,2027-01-07T14:11:11+11:00,Australia/Melbourne,Australia/Melbourne,2027-01-07T02:41:11+00:00,2027-01-07T03:11:11+00:00,1800,,6443,6443,6443,,Minimum 30-minute site visit; shop opening hours are not enforced.,,,
4,drive,Bunnings Brunswick Warehouse,2027-01-07T14:11:11+11:00,2027-01-07T14:28:03+11:00,Australia/Melbourne,Australia/Melbourne,2027-01-07T03:11:11+00:00,2027-01-07T03:28:03+00:00,1012.0,6475,6443,6426,6426,f8eb4daba81462f6515b69f8,,,,
4,visit,Bunnings Brunswick Warehouse,2027-01-07T14:28:03+11:00,2027-01-07T14:58:03+11:00,Australia/Melbourne,Australia/Melbourne,2027-01-07T03:28:03+00:00,2027-01-07T03:58:03+00:00,1800,,6426,6426,6426,,Minimum 30-minute site visit; shop opening hours are not enforced.,,,
4,drive,Rambla @ Solarino House,2027-01-07T14:58:03+11:00,2027-01-07T15:02:04+11:00,Australia/Melbourne,Australia/Melbourne,2027-01-07T03:58:03+00:00,2027-01-07T04:02:04+00:00,241.0,969,6426,ChIJ22F9tDND1moRDZu_jiN9mY8,ChIJ22F9tDND1moRDZu_jiN9mY8,f63ec9ca8f25172471a4d445,,,,
4,overnight,Rambla @ Solarino House,2027-01-07T15:02:04+11:00,2027-01-08T09:00:00+11:00,Australia/Melbourne,Australia/Melbourne,2027-01-07T04:02:04+00:00,2027-01-07T22:00:00+00:00,64676.0,,ChIJ22F9tDND1moRDZu_jiN9mY8,ChIJ22F9tDND1moRDZu_jiN9mY8,ChIJ22F9tDND1moRDZu_jiN9mY8,,Example accommodation stop; availability is not checked.,,,
5,drive,Bunnings Maribyrnong Warehouse,2027-01-08T09:00:00+11:00,2027-01-08T09:20:03+11:00,Australia/Melbourne,Australia/Melbourne,2027-01-07T22:00:00+00:00,2027-01-07T22:20:03+00:00,1203.0,9219,ChIJ22F9tDND1moRDZu_jiN9mY8,6224,6224,98097a96578e75adf9a79299,,,,
5,visit,Bunnings Maribyrnong Warehouse,2027-01-08T09:20:03+11:00,2027-01-08T09:50:03+11:00,Australia/Melbourne,Australia/Melbourne,2027-01-07T22:20:03+00:00,2027-01-07T22:50:03+00:00,1800,,6224,6224,6224,,Minimum 30-minute site visit; shop opening hours are not enforced.,,,
5,drive,Bunnings West Footscray Warehouse,2027-01-08T09:50:03+11:00,2027-01-08T10:01:50+11:00,Australia/Melbourne,Australia/Melbourne,2027-01-07T22:50:03+00:00,2027-01-07T23:01:50+00:00,707.0,5803,6224,6249,6249,5babac2e7b7909ce27395512,,,,
5,visit,Bunnings West Footscray Warehouse,2027-01-08T10:01:50+11:00,2027-01-08T10:31:50+11:00,Australia/Melbourne,Australia/Melbourne,2027-01-07T23:01:50+00:00,2027-01-07T23:31:50+00:00,1800,,6249,6249,6249,,Minimum 30-minute site visit; shop opening hours are not enforced.,,,
5,drive,Bunnings Sunshine Warehouse,2027-01-08T10:31:50+11:00,2027-01-08T10:46:00+11:00,Australia/Melbourne,Australia/Melbourne,2027-01-07T23:31:50+00:00,2027-01-07T23:46:00+00:00,850.0,7742,6249,6083,6083,95bcc6902591ff3770994b9c,,,,
5,visit,Bunnings Sunshine Warehouse,2027-01-08T10:46:00+11:00,2027-01-08T11:16:00+11:00,Australia/Melbourne,Australia/Melbourne,2027-01-07T23:46:00+00:00,2027-01-08T00:16:00+00:00,1800,,6083,6083,6083,,Minimum 30-minute site visit; shop opening hours are not enforced.,,,
5,drive,Bunnings Caroline Springs Warehouse,2027-01-08T11:16:00+11:00,2027-01-08T11:29:56+11:00,Australia/Melbourne,Australia/Melbourne,2027-01-08T00:16:00+00:00,2027-01-08T00:29:56+00:00,836.0,8258,6083,6386,6386,94c6de5a147981dafaaec395,,,,
5,visit,Bunnings Caroline Springs Warehouse,2027-01-08T11:29:56+11:00,2027-01-08T11:59:56+11:00,Australia/Melbourne,Australia/Melbourne,2027-01-08T00:29:56+00:00,2027-01-08T00:59:56+00:00,1800,,6386,6386,6386,,Minimum 30-minute site visit; shop opening hours are not enforced.,,,
5,drive,Bunnings Taylors Lakes Warehouse,2027-01-08T11:59:56+11:00,2027-01-08T12:17:29+11:00,Australia/Melbourne,Australia/Melbourne,2027-01-08T00:59:56+00:00,2027-01-08T01:17:29+00:00,1053.0,10506,6386,6194,6194,cfc50e3e4068bcc632e82b86,,,,
5,visit,Bunnings Taylors Lakes Warehouse,2027-01-08T12:17:29+11:00,2027-01-08T12:47:29+11:00,Australia/Melbourne,Australia/Melbourne,2027-01-08T01:17:29+00:00,2027-01-08T01:47:29+00:00,1800,,6194,6194,6194,,Minimum 30-minute site visit; shop opening hours are not enforced.,,,
5,drive,Bunnings Broadmeadows Warehouse,2027-01-08T12:47:29+11:00,2027-01-08T13:05:46+11:00,Australia/Melbourne,Australia/Melbourne,2027-01-08T01:47:29+00:00,2027-01-08T02:05:46+00:00,1097.0,18366,6194,6126,6126,725478e75a06798e1168f3d5,,,,
5,visit,Bunnings Broadmeadows Warehouse,2027-01-08T13:05:46+11:00,2027-01-08T13:35:46+11:00,Australia/Melbourne,Australia/Melbourne,2027-01-08T02:05:46+00:00,2027-01-08T02:35:46+00:00,1800,,6126,6126,6126,,Minimum 30-minute site visit; shop opening hours are not enforced.,,,
5,drive,Bunnings Coburg Warehouse,2027-01-08T13:35:46+11:00,2027-01-08T13:55:08+11:00,Australia/Melbourne,Australia/Melbourne,2027-01-08T02:35:46+00:00,2027-01-08T02:55:08+00:00,1162.0,9741,6126,6310,6310,090ed3f13c14903c5b2e4e39,,,,
5,visit,Bunnings Coburg Warehouse,2027-01-08T13:55:08+11:00,2027-01-08T14:25:08+11:00,Australia/Melbourne,Australia/Melbourne,2027-01-08T02:55:08+00:00,2027-01-08T03:25:08+00:00,1800,,6310,6310,6310,,Minimum 30-minute site visit; shop opening hours are not enforced.,,,
5,drive,Bunnings Preston Warehouse,2027-01-08T14:25:08+11:00,2027-01-08T14:40:09+11:00,Australia/Melbourne,Australia/Melbourne,2027-01-08T03:25:08+00:00,2027-01-08T03:40:09+00:00,901.0,7241,6310,6448,6448,a4726458710fd5946c74c570,,,,
5,visit,Bunnings Preston Warehouse,2027-01-08T14:40:09+11:00,2027-01-08T15:10:09+11:00,Australia/Melbourne,Australia/Melbourne,2027-01-08T03:40:09+00:00,2027-01-08T04:10:09+00:00,1800,,6448,6448,6448,,Minimum 30-minute site visit; shop opening hours are not enforced.,,,
5,drive,Bell Motel,2027-01-08T15:10:09+11:00,2027-01-08T15:16:20+11:00,Australia/Melbourne,Australia/Melbourne,2027-01-08T04:10:09+00:00,2027-01-08T04:16:20+00:00,371.0,3657,6448,ChIJL9j-jFlE1moRjiUG47yw36k,ChIJL9j-jFlE1moRjiUG47yw36k,7e16e14787f82d1b41c151d6,,,,
5,overnight,Bell Motel,2027-01-08T15:16:20+11:00,2027-01-09T09:00:00+11:00,Australia/Melbourne,Australia/Melbourne,2027-01-08T04:16:20+00:00,2027-01-08T22:00:00+00:00,63820.0,,ChIJL9j-jFlE1moRjiUG47yw36k,ChIJL9j-jFlE1moRjiUG47yw36k,ChIJL9j-jFlE1moRjiUG47yw36k,,Example accommodation stop; availability is not checked.,,,
6,drive,Bunnings Thomastown Warehouse,2027-01-09T09:00:00+11:00,2027-01-09T09:15:27+11:00,Australia/Melbourne,Australia/Melbourne,2027-01-08T22:00:00+00:00,2027-01-08T22:15:27+00:00,927.0,8167,ChIJL9j-jFlE1moRjiUG47yw36k,6390,6390,ca6f5626dead41a5a0bec5a9,,,,
6,visit,Bunnings Thomastown Warehouse,2027-01-09T09:15:27+11:00,2027-01-09T09:45:27+11:00,Australia/Melbourne,Australia/Melbourne,2027-01-08T22:15:27+00:00,2027-01-08T22:45:27+00:00,1800,,6390,6390,6390,,Minimum 30-minute site visit; shop opening hours are not enforced.,,,
6,drive,Bunnings Eltham Warehouse,2027-01-09T09:45:27+11:00,2027-01-09T10:08:29+11:00,Australia/Melbourne,Australia/Melbourne,2027-01-08T22:45:27+00:00,2027-01-08T23:08:29+00:00,1382.0,12597,6390,6037,6037,71afe2e118adda7ceee302e6,,,,
6,visit,Bunnings Eltham Warehouse,2027-01-09T10:08:29+11:00,2027-01-09T10:38:29+11:00,Australia/Melbourne,Australia/Melbourne,2027-01-08T23:08:29+00:00,2027-01-08T23:38:29+00:00,1800,,6037,6037,6037,,Minimum 30-minute site visit; shop opening hours are not enforced.,,,
6,drive,Bunnings Doncaster,2027-01-09T10:38:29+11:00,2027-01-09T10:53:34+11:00,Australia/Melbourne,Australia/Melbourne,2027-01-08T23:38:29+00:00,2027-01-08T23:53:34+00:00,905.0,9337,6037,6402,6402,0a040169072779d5f8e938f4,,,,
6,visit,Bunnings Doncaster,2027-01-09T10:53:34+11:00,2027-01-09T11:23:34+11:00,Australia/Melbourne,Australia/Melbourne,2027-01-08T23:53:34+00:00,2027-01-09T00:23:34+00:00,1800,,6402,6402,6402,,Minimum 30-minute site visit; shop opening hours are not enforced.,,,
6,drive,Bunnings Nunawading Warehouse,2027-01-09T11:23:34+11:00,2027-01-09T11:34:50+11:00,Australia/Melbourne,Australia/Melbourne,2027-01-09T00:23:34+00:00,2027-01-09T00:34:50+00:00,676.0,8532,6402,6140,6140,399bd21dc739cd73527e1ede,,,,
6,visit,Bunnings Nunawading Warehouse,2027-01-09T11:34:50+11:00,2027-01-09T12:04:50+11:00,Australia/Melbourne,Australia/Melbourne,2027-01-09T00:34:50+00:00,2027-01-09T01:04:50+00:00,1800,,6140,6140,6140,,Minimum 30-minute site visit; shop opening hours are not enforced.,,,
6,drive,Bunnings Box Hill Warehouse,2027-01-09T12:04:50+11:00,2027-01-09T12:13:38+11:00,Australia/Melbourne,Australia/Melbourne,2027-01-09T01:04:50+00:00,2027-01-09T01:13:38+00:00,528.0,4658,6140,6035,6035,a914e255a48d9b17659f3dab,,,,
6,visit,Bunnings Box Hill Warehouse,2027-01-09T12:13:38+11:00,2027-01-09T12:43:38+11:00,Australia/Melbourne,Australia/Melbourne,2027-01-09T01:13:38+00:00,2027-01-09T01:43:38+00:00,1800,,6035,6035,6035,,Minimum 30-minute site visit; shop opening hours are not enforced.,,,
6,drive,Bunnings Chadstone Warehouse,2027-01-09T12:43:38+11:00,2027-01-09T12:59:54+11:00,Australia/Melbourne,Australia/Melbourne,2027-01-09T01:43:38+00:00,2027-01-09T01:59:54+00:00,976.0,8328,6035,6428,6428,af57b1dfadbfd4780ec33947,,,,
6,visit,Bunnings Chadstone Warehouse,2027-01-09T12:59:54+11:00,2027-01-09T13:29:54+11:00,Australia/Melbourne,Australia/Melbourne,2027-01-09T01:59:54+00:00,2027-01-09T02:29:54+00:00,1800,,6428,6428,6428,,Minimum 30-minute site visit; shop opening hours are not enforced.,,,
6,drive,Bunnings Notting Hill Warehouse,2027-01-09T13:29:54+11:00,2027-01-09T13:38:09+11:00,Australia/Melbourne,Australia/Melbourne,2027-01-09T02:29:54+00:00,2027-01-09T02:38:09+00:00,495.0,5345,6428,6359,6359,06707c87f8cf02ab6d6aba2a,,,,
6,visit,Bunnings Notting Hill Warehouse,2027-01-09T13:38:09+11:00,2027-01-09T14:08:09+11:00,Australia/Melbourne,Australia/Melbourne,2027-01-09T02:38:09+00:00,2027-01-09T03:08:09+00:00,1800,,6359,6359,6359,,Minimum 30-minute site visit; shop opening hours are not enforced.,,,
6,drive,Bunnings Vermont South Warehouse,2027-01-09T14:08:09+11:00,2027-01-09T14:26:49+11:00,Australia/Melbourne,Australia/Melbourne,2027-01-09T03:08:09+00:00,2027-01-09T03:26:49+00:00,1120.0,14402,6359,6230,6230,43376b7f18593082365671d7,,,,
6,visit,Bunnings Vermont South Warehouse,2027-01-09T14:26:49+11:00,2027-01-09T14:56:49+11:00,Australia/Melbourne,Australia/Melbourne,2027-01-09T03:26:49+00:00,2027-01-09T03:56:49+00:00,1800,,6230,6230,6230,,Minimum 30-minute site visit; shop opening hours are not enforced.,,,
6,drive,Bunnings Ringwood Warehouse,2027-01-09T14:56:49+11:00,2027-01-09T15:08:20+11:00,Australia/Melbourne,Australia/Melbourne,2027-01-09T03:56:49+00:00,2027-01-09T04:08:20+00:00,691.0,8955,6230,6432,6432,f9143a49f9e7c18389c617b5,,,,
6,visit,Bunnings Ringwood Warehouse,2027-01-09T15:08:20+11:00,2027-01-09T15:38:20+11:00,Australia/Melbourne,Australia/Melbourne,2027-01-09T04:08:20+00:00,2027-01-09T04:38:20+00:00,1800,,6432,6432,6432,,Minimum 30-minute site visit; shop opening hours are not enforced.,,,
6,drive,Rydges Ringwood,2027-01-09T15:38:20+11:00,2027-01-09T15:41:46+11:00,Australia/Melbourne,Australia/Melbourne,2027-01-09T04:38:20+00:00,2027-01-09T04:41:46+00:00,206.0,809,6432,ChIJVdr-i-g71moRc16jyef9lcg,ChIJVdr-i-g71moRc16jyef9lcg,237e53cd0c45fb441e128acb,,,,
6,overnight,Rydges Ringwood,2027-01-09T15:41:46+11:00,2027-01-10T09:00:00+11:00,Australia/Melbourne,Australia/Melbourne,2027-01-09T04:41:46+00:00,2027-01-09T22:00:00+00:00,62294.0,,ChIJVdr-i-g71moRc16jyef9lcg,ChIJVdr-i-g71moRc16jyef9lcg,ChIJVdr-i-g71moRc16jyef9lcg,,Example accommodation stop; availability is not checked.,,,
7,drive,Bunnings Croydon Warehouse,2027-01-10T09:00:00+11:00,2027-01-10T09:14:41+11:00,Australia/Melbourne,Australia/Melbourne,2027-01-09T22:00:00+00:00,2027-01-09T22:14:41+00:00,881.0,10114,ChIJVdr-i-g71moRc16jyef9lcg,6118,6118,717243e4ece6d32a7bbb0f9d,,,,
7,visit,Bunnings Croydon Warehouse,2027-01-10T09:14:41+11:00,2027-01-10T09:44:41+11:00,Australia/Melbourne,Australia/Melbourne,2027-01-09T22:14:41+00:00,2027-01-09T22:44:41+00:00,1800,,6118,6118,6118,,Minimum 30-minute site visit; shop opening hours are not enforced.,,,
7,drive,Bunnings Lilydale Warehouse,2027-01-10T09:44:41+11:00,2027-01-10T09:56:04+11:00,Australia/Melbourne,Australia/Melbourne,2027-01-09T22:44:41+00:00,2027-01-09T22:56:04+00:00,683.0,5581,6118,6435,6435,cd694496b51ca87a5b79fe04,,,,
7,visit,Bunnings Lilydale Warehouse,2027-01-10T09:56:04+11:00,2027-01-10T10:26:04+11:00,Australia/Melbourne,Australia/Melbourne,2027-01-09T22:56:04+00:00,2027-01-09T23:26:04+00:00,1800,,6435,6435,6435,,Minimum 30-minute site visit; shop opening hours are not enforced.,,,
7,drive,Bunnings Bayswater Trade Centre,2027-01-10T10:26:04+11:00,2027-01-10T10:43:08+11:00,Australia/Melbourne,Australia/Melbourne,2027-01-09T23:26:04+00:00,2027-01-09T23:43:08+00:00,1024.0,11574,6435,6387,6387,bea4453d387bf95e5b0ba286,,,,
7,visit,Bunnings Bayswater Trade Centre,2027-01-10T10:43:08+11:00,2027-01-10T11:13:08+11:00,Australia/Melbourne,Australia/Melbourne,2027-01-09T23:43:08+00:00,2027-01-10T00:13:08+00:00,1800,,6387,6387,6387,,Minimum 30-minute site visit; shop opening hours are not enforced.,,,
7,drive,Bunnings Bayswater VIC Warehouse,2027-01-10T11:13:08+11:00,2027-01-10T11:15:26+11:00,Australia/Melbourne,Australia/Melbourne,2027-01-10T00:13:08+00:00,2027-01-10T00:15:26+00:00,138.0,1470,6387,6228,6228,ca7ebfcd0e783c311e7a44b6,,,,
7,visit,Bunnings Bayswater VIC Warehouse,2027-01-10T11:15:26+11:00,2027-01-10T11:45:26+11:00,Australia/Melbourne,Australia/Melbourne,2027-01-10T00:15:26+00:00,2027-01-10T00:45:26+00:00,1800,,6228,6228,6228,,Minimum 30-minute site visit; shop opening hours are not enforced.,,,
7,drive,Bunnings Scoresby Warehouse,2027-01-10T11:45:26+11:00,2027-01-10T12:00:32+11:00,Australia/Melbourne,Australia/Melbourne,2027-01-10T00:45:26+00:00,2027-01-10T01:00:32+00:00,906.0,9419,6228,6011,6011,d38315d73295bcc6fcc454a9,,,,
7,visit,Bunnings Scoresby Warehouse,2027-01-10T12:00:32+11:00,2027-01-10T12:30:32+11:00,Australia/Melbourne,Australia/Melbourne,2027-01-10T01:00:32+00:00,2027-01-10T01:30:32+00:00,1800,,6011,6011,6011,,Minimum 30-minute site visit; shop opening hours are not enforced.,,,
7,drive,Bunnings Springvale Warehouse,2027-01-10T12:30:32+11:00,2027-01-10T12:46:53+11:00,Australia/Melbourne,Australia/Melbourne,2027-01-10T01:30:32+00:00,2027-01-10T01:46:53+00:00,981.0,11272,6011,6403,6403,2534d920629662e043610d57,,,,
7,visit,Bunnings Springvale Warehouse,2027-01-10T12:46:53+11:00,2027-01-10T13:16:53+11:00,Australia/Melbourne,Australia/Melbourne,2027-01-10T01:46:53+00:00,2027-01-10T02:16:53+00:00,1800,,6403,6403,6403,,Minimum 30-minute site visit; shop opening hours are not enforced.,,,
7,drive,Bunnings Oakleigh Warehouse,2027-01-10T13:16:53+11:00,2027-01-10T13:30:11+11:00,Australia/Melbourne,Australia/Melbourne,2027-01-10T02:16:53+00:00,2027-01-10T02:30:11+00:00,798.0,6459,6403,6438,6438,31447cde241ca875ed17b878,,,,
7,visit,Bunnings Oakleigh Warehouse,2027-01-10T13:30:11+11:00,2027-01-10T14:00:11+11:00,Australia/Melbourne,Australia/Melbourne,2027-01-10T02:30:11+00:00,2027-01-10T03:00:11+00:00,1800,,6438,6438,6438,,Minimum 30-minute site visit; shop opening hours are not enforced.,,,
7,drive,Bunnings Moorabbin Warehouse,2027-01-10T14:00:11+11:00,2027-01-10T14:06:09+11:00,Australia/Melbourne,Australia/Melbourne,2027-01-10T03:00:11+00:00,2027-01-10T03:06:09+00:00,358.0,2906,6438,6363,6363,f5577e2fc31c8720f8c53511,,,,
7,visit,Bunnings Moorabbin Warehouse,2027-01-10T14:06:09+11:00,2027-01-10T14:36:09+11:00,Australia/Melbourne,Australia/Melbourne,2027-01-10T03:06:09+00:00,2027-01-10T03:36:09+00:00,1800,,6363,6363,6363,,Minimum 30-minute site visit; shop opening hours are not enforced.,,,
7,drive,Bunnings Mentone Warehouse,2027-01-10T14:36:09+11:00,2027-01-10T14:45:47+11:00,Australia/Melbourne,Australia/Melbourne,2027-01-10T03:36:09+00:00,2027-01-10T03:45:47+00:00,578.0,5252,6363,6400,6400,a17a49d0af30339ff6722cef,,,,
7,visit,Bunnings Mentone Warehouse,2027-01-10T14:45:47+11:00,2027-01-10T15:15:47+11:00,Australia/Melbourne,Australia/Melbourne,2027-01-10T03:45:47+00:00,2027-01-10T04:15:47+00:00,1800,,6400,6400,6400,,Minimum 30-minute site visit; shop opening hours are not enforced.,,,
7,drive,Quest Cheltenham,2027-01-10T15:15:47+11:00,2027-01-10T15:20:47+11:00,Australia/Melbourne,Australia/Melbourne,2027-01-10T04:15:47+00:00,2027-01-10T04:20:47+00:00,300.0,2014,6400,ChIJQy_4dC9s1moRDvmmJpkDK4k,ChIJQy_4dC9s1moRDvmmJpkDK4k,2716e5e9aedd4a95b5307004,,,,
7,overnight,Quest Cheltenham,2027-01-10T15:20:47+11:00,2027-01-11T09:00:00+11:00,Australia/Melbourne,Australia/Melbourne,2027-01-10T04:20:47+00:00,2027-01-10T22:00:00+00:00,63553.0,,ChIJQy_4dC9s1moRDvmmJpkDK4k,ChIJQy_4dC9s1moRDvmmJpkDK4k,ChIJQy_4dC9s1moRDvmmJpkDK4k,,Example accommodation stop; availability is not checked.,,,
8,drive,Bunnings Keysborough Warehouse,2027-01-11T09:00:00+11:00,2027-01-11T09:13:52+11:00,Australia/Melbourne,Australia/Melbourne,2027-01-10T22:00:00+00:00,2027-01-10T22:13:52+00:00,832.0,8984,ChIJQy_4dC9s1moRDvmmJpkDK4k,6240,6240,2ca3a357f87effb645f0a238,,,,
8,visit,Bunnings Keysborough Warehouse,2027-01-11T09:13:52+11:00,2027-01-11T09:43:52+11:00,Australia/Melbourne,Australia/Melbourne,2027-01-10T22:13:52+00:00,2027-01-10T22:43:52+00:00,1800,,6240,6240,6240,,Minimum 30-minute site visit; shop opening hours are not enforced.,,,
8,drive,Bunnings Dandenong Warehouse,2027-01-11T09:43:52+11:00,2027-01-11T09:59:45+11:00,Australia/Melbourne,Australia/Melbourne,2027-01-10T22:43:52+00:00,2027-01-10T22:59:45+00:00,953.0,10521,6240,6439,6439,b6f34343eedda8f0bf99a12c,,,,
8,visit,Bunnings Dandenong Warehouse,2027-01-11T09:59:45+11:00,2027-01-11T10:29:45+11:00,Australia/Melbourne,Australia/Melbourne,2027-01-10T22:59:45+00:00,2027-01-10T23:29:45+00:00,1800,,6439,6439,6439,,Minimum 30-minute site visit; shop opening hours are not enforced.,,,
8,drive,Bunnings Hallam Frame Truss Plant,2027-01-11T10:29:45+11:00,2027-01-11T10:37:51+11:00,Australia/Melbourne,Australia/Melbourne,2027-01-10T23:29:45+00:00,2027-01-10T23:37:51+00:00,486.0,4501,6439,6380,6380,35ea83d7cac9c269ef1165c1,,,,
8,visit,Bunnings Hallam Frame Truss Plant,2027-01-11T10:37:51+11:00,2027-01-11T11:07:51+11:00,Australia/Melbourne,Australia/Melbourne,2027-01-10T23:37:51+00:00,2027-01-11T00:07:51+00:00,1800,,6380,6380,6380,,Minimum 30-minute site visit; shop opening hours are not enforced.,,,
8,drive,Bunnings Narre Warren Warehouse,2027-01-11T11:07:51+11:00,2027-01-11T11:17:08+11:00,Australia/Melbourne,Australia/Melbourne,2027-01-11T00:07:51+00:00,2027-01-11T00:17:08+00:00,557.0,5875,6380,6461,6461,9be40be485d60e9aad03f2f7,,,,
8,visit,Bunnings Narre Warren Warehouse,2027-01-11T11:17:08+11:00,2027-01-11T11:47:08+11:00,Australia/Melbourne,Australia/Melbourne,2027-01-11T00:17:08+00:00,2027-01-11T00:47:08+00:00,1800,,6461,6461,6461,,Minimum 30-minute site visit; shop opening hours are not enforced.,,,
8,drive,Bunnings Pakenham Warehouse,2027-01-11T11:47:08+11:00,2027-01-11T12:03:49+11:00,Australia/Melbourne,Australia/Melbourne,2027-01-11T00:47:08+00:00,2027-01-11T01:03:49+00:00,1001.0,16680,6461,6227,6227,451beca901e0eedfcc2be28f,,,,
8,visit,Bunnings Pakenham Warehouse,2027-01-11T12:03:49+11:00,2027-01-11T12:33:49+11:00,Australia/Melbourne,Australia/Melbourne,2027-01-11T01:03:49+00:00,2027-01-11T01:33:49+00:00,1800,,6227,6227,6227,,Minimum 30-minute site visit; shop opening hours are not enforced.,,,
8,drive,Bunnings East Pakenham Warehouse,2027-01-11T12:33:49+11:00,2027-01-11T12:43:06+11:00,Australia/Melbourne,Australia/Melbourne,2027-01-11T01:33:49+00:00,2027-01-11T01:43:06+00:00,557.0,5553,6227,6433,6433,ed8532dfbce9ba6c60817164,,,,
8,visit,Bunnings East Pakenham Warehouse,2027-01-11T12:43:06+11:00,2027-01-11T13:13:06+11:00,Australia/Melbourne,Australia/Melbourne,2027-01-11T01:43:06+00:00,2027-01-11T02:13:06+00:00,1800,,6433,6433,6433,,Minimum 30-minute site visit; shop opening hours are not enforced.,,,
8,drive,Bunnings Clyde North Warehouse,2027-01-11T13:13:06+11:00,2027-01-11T13:34:57+11:00,Australia/Melbourne,Australia/Melbourne,2027-01-11T02:13:06+00:00,2027-01-11T02:34:57+00:00,1311.0,19230,6433,6437,6437,1d232d130e5ed88c6bf4f232,,,,
8,visit,Bunnings Clyde North Warehouse,2027-01-11T13:34:57+11:00,2027-01-11T14:04:57+11:00,Australia/Melbourne,Australia/Melbourne,2027-01-11T02:34:57+00:00,2027-01-11T03:04:57+00:00,1800,,6437,6437,6437,,Minimum 30-minute site visit; shop opening hours are not enforced.,,,
8,drive,Bunnings Cranbourne Warehouse,2027-01-11T14:04:57+11:00,2027-01-11T14:17:45+11:00,Australia/Melbourne,Australia/Melbourne,2027-01-11T03:04:57+00:00,2027-01-11T03:17:45+00:00,768.0,8036,6437,6201,6201,a9bd27a373669bbab066f23c,,,,
8,visit,Bunnings Cranbourne Warehouse,2027-01-11T14:17:45+11:00,2027-01-11T14:47:45+11:00,Australia/Melbourne,Australia/Melbourne,2027-01-11T03:17:45+00:00,2027-01-11T03:47:45+00:00,1800,,6201,6201,6201,,Minimum 30-minute site visit; shop opening hours are not enforced.,,,
8,drive,Bunnings Carrum Downs Warehouse,2027-01-11T14:47:45+11:00,2027-01-11T15:02:21+11:00,Australia/Melbourne,Australia/Melbourne,2027-01-11T03:47:45+00:00,2027-01-11T04:02:21+00:00,876.0,11565,6201,6427,6427,2b75e76a27ed7aa38665e383,,,,
8,visit,Bunnings Carrum Downs Warehouse,2027-01-11T15:02:21+11:00,2027-01-11T15:32:21+11:00,Australia/Melbourne,Australia/Melbourne,2027-01-11T04:02:21+00:00,2027-01-11T04:32:21+00:00,1800,,6427,6427,6427,,Minimum 30-minute site visit; shop opening hours are not enforced.,,,
8,drive,Nightelier Carrum Downs (Sands Hotel),2027-01-11T15:32:21+11:00,2027-01-11T15:35:06+11:00,Australia/Melbourne,Australia/Melbourne,2027-01-11T04:32:21+00:00,2027-01-11T04:35:06+00:00,165.0,1162,6427,ChIJIQIjjfgN1moRT2-6Ot1YzII,ChIJIQIjjfgN1moRT2-6Ot1YzII,d2a626eccb11fcdb4b856c20,,,,
8,overnight,Nightelier Carrum Downs (Sands Hotel),2027-01-11T15:35:06+11:00,2027-01-12T09:00:00+11:00,Australia/Melbourne,Australia/Melbourne,2027-01-11T04:35:06+00:00,2027-01-11T22:00:00+00:00,62694.0,,ChIJIQIjjfgN1moRT2-6Ot1YzII,ChIJIQIjjfgN1moRT2-6Ot1YzII,ChIJIQIjjfgN1moRT2-6Ot1YzII,,Example accommodation stop; availability is not checked.,,,
9,drive,Bunnings Frankston Warehouse,2027-01-12T09:00:00+11:00,2027-01-12T09:12:15+11:00,Australia/Melbourne,Australia/Melbourne,2027-01-11T22:00:00+00:00,2027-01-11T22:12:15+00:00,735.0,8558,ChIJIQIjjfgN1moRT2-6Ot1YzII,6221,6221,81c85cce8648da9387d7c065,,,,
9,visit,Bunnings Frankston Warehouse,2027-01-12T09:12:15+11:00,2027-01-12T09:42:15+11:00,Australia/Melbourne,Australia/Melbourne,2027-01-11T22:12:15+00:00,2027-01-11T22:42:15+00:00,1800,,6221,6221,6221,,Minimum 30-minute site visit; shop opening hours are not enforced.,,,
9,drive,Bunnings Mornington VIC Warehouse,2027-01-12T09:42:15+11:00,2027-01-12T09:59:35+11:00,Australia/Melbourne,Australia/Melbourne,2027-01-11T22:42:15+00:00,2027-01-11T22:59:35+00:00,1040.0,14422,6221,6180,6180,77e243a838b30215f7031636,,,,
9,visit,Bunnings Mornington VIC Warehouse,2027-01-12T09:59:35+11:00,2027-01-12T10:29:35+11:00,Australia/Melbourne,Australia/Melbourne,2027-01-11T22:59:35+00:00,2027-01-11T23:29:35+00:00,1800,,6180,6180,6180,,Minimum 30-minute site visit; shop opening hours are not enforced.,,,
9,drive,Bunnings Rosebud Warehouse,2027-01-12T10:29:35+11:00,2027-01-12T10:55:44+11:00,Australia/Melbourne,Australia/Melbourne,2027-01-11T23:29:35+00:00,2027-01-11T23:55:44+00:00,1569.0,29871,6180,6075,6075,3561495e4700a8ead2e90154,,,,
9,visit,Bunnings Rosebud Warehouse,2027-01-12T10:55:44+11:00,2027-01-12T11:25:44+11:00,Australia/Melbourne,Australia/Melbourne,2027-01-11T23:55:44+00:00,2027-01-12T00:25:44+00:00,1800,,6075,6075,6075,,Minimum 30-minute site visit; shop opening hours are not enforced.,,,
9,drive,Bunnings Hastings Warehouse,2027-01-12T11:25:44+11:00,2027-01-12T11:55:41+11:00,Australia/Melbourne,Australia/Melbourne,2027-01-12T00:25:44+00:00,2027-01-12T00:55:41+00:00,1797.0,34775,6075,6202,6202,bd65bff98575d43072e2ab50,,,,
9,visit,Bunnings Hastings Warehouse,2027-01-12T11:55:41+11:00,2027-01-12T12:25:41+11:00,Australia/Melbourne,Australia/Melbourne,2027-01-12T00:55:41+00:00,2027-01-12T01:25:41+00:00,1800,,6202,6202,6202,,Minimum 30-minute site visit; shop opening hours are not enforced.,,,
9,drive,Bunnings Wonthaggi Warehouse,2027-01-12T12:25:41+11:00,2027-01-12T13:34:48+11:00,Australia/Melbourne,Australia/Melbourne,2027-01-12T01:25:41+00:00,2027-01-12T02:34:48+00:00,4147.0,92100,6202,6451,6451,8851a995d288ba494b43cb5c,,,,
9,visit,Bunnings Wonthaggi Warehouse,2027-01-12T13:34:48+11:00,2027-01-12T14:04:48+11:00,Australia/Melbourne,Australia/Melbourne,2027-01-12T02:34:48+00:00,2027-01-12T03:04:48+00:00,1800,,6451,6451,6451,,Minimum 30-minute site visit; shop opening hours are not enforced.,,,
9,drive,Bunnings Warragul Warehouse,2027-01-12T14:04:48+11:00,2027-01-12T15:09:50+11:00,Australia/Melbourne,Australia/Melbourne,2027-01-12T03:04:48+00:00,2027-01-12T04:09:50+00:00,3902.0,73483,6451,6449,6449,203b8adf8d64d9ad56e96d3d,,,,
9,visit,Bunnings Warragul Warehouse,2027-01-12T15:09:50+11:00,2027-01-12T15:39:50+11:00,Australia/Melbourne,Australia/Melbourne,2027-01-12T04:09:50+00:00,2027-01-12T04:39:50+00:00,1800,,6449,6449,6449,,Minimum 30-minute site visit; shop opening hours are not enforced.,,,
9,drive,Warragul Views Motor Inn,2027-01-12T15:39:50+11:00,2027-01-12T15:45:16+11:00,Australia/Melbourne,Australia/Melbourne,2027-01-12T04:39:50+00:00,2027-01-12T04:45:16+00:00,326.0,3530,6449,ChIJy9PgWgqWKWsRVX7KAKaHI4E,ChIJy9PgWgqWKWsRVX7KAKaHI4E,bfa6de03291781df9bd42c4b,,,,
9,overnight,Warragul Views Motor Inn,2027-01-12T15:45:16+11:00,2027-01-13T09:00:00+11:00,Australia/Melbourne,Australia/Melbourne,2027-01-12T04:45:16+00:00,2027-01-12T22:00:00+00:00,62084.0,,ChIJy9PgWgqWKWsRVX7KAKaHI4E,ChIJy9PgWgqWKWsRVX7KAKaHI4E,ChIJy9PgWgqWKWsRVX7KAKaHI4E,,Example accommodation stop; availability is not checked.,,,
10,drive,Bunnings Morwell Warehouse,2027-01-13T09:00:00+11:00,2027-01-13T09:34:26+11:00,Australia/Melbourne,Australia/Melbourne,2027-01-12T22:00:00+00:00,2027-01-12T22:34:26+00:00,2066.0,50122,ChIJy9PgWgqWKWsRVX7KAKaHI4E,6160,6160,510fb49948564c9250997118,,,,
10,visit,Bunnings Morwell Warehouse,2027-01-13T09:34:26+11:00,2027-01-13T10:04:26+11:00,Australia/Melbourne,Australia/Melbourne,2027-01-12T22:34:26+00:00,2027-01-12T23:04:26+00:00,1800,,6160,6160,6160,,Minimum 30-minute site visit; shop opening hours are not enforced.,,,
10,drive,Bunnings Traralgon Warehouse,2027-01-13T10:04:26+11:00,2027-01-13T10:22:35+11:00,Australia/Melbourne,Australia/Melbourne,2027-01-12T23:04:26+00:00,2027-01-12T23:22:35+00:00,1089.0,14357,6160,6399,6399,ea7bcce633a773eb522bb1ed,,,,
10,visit,Bunnings Traralgon Warehouse,2027-01-13T10:22:35+11:00,2027-01-13T10:52:35+11:00,Australia/Melbourne,Australia/Melbourne,2027-01-12T23:22:35+00:00,2027-01-12T23:52:35+00:00,1800,,6399,6399,6399,,Minimum 30-minute site visit; shop opening hours are not enforced.,,,
10,drive,Bunnings Sale Warehouse,2027-01-13T10:52:35+11:00,2027-01-13T11:31:50+11:00,Australia/Melbourne,Australia/Melbourne,2027-01-12T23:52:35+00:00,2027-01-13T00:31:50+00:00,2355.0,53041,6399,6462,6462,d4357d0278e3bc8433db973c,,,,
10,visit,Bunnings Sale Warehouse,2027-01-13T11:31:50+11:00,2027-01-13T12:01:50+11:00,Australia/Melbourne,Australia/Melbourne,2027-01-13T00:31:50+00:00,2027-01-13T01:01:50+00:00,1800,,6462,6462,6462,,Minimum 30-minute site visit; shop opening hours are not enforced.,,,
10,drive,Bunnings Bairnsdale Warehouse,2027-01-13T12:01:50+11:00,2027-01-13T12:45:31+11:00,Australia/Melbourne,Australia/Melbourne,2027-01-13T01:01:50+00:00,2027-01-13T01:45:31+00:00,2621.0,63932,6462,6247,6247,99047249b4147fc1c0dc230a,,,,
10,visit,Bunnings Bairnsdale Warehouse,2027-01-13T12:45:31+11:00,2027-01-13T13:15:31+11:00,Australia/Melbourne,Australia/Melbourne,2027-01-13T01:45:31+00:00,2027-01-13T02:15:31+00:00,1800,,6247,6247,6247,,Minimum 30-minute site visit; shop opening hours are not enforced.,,,
10,drive,Benambra Hotel - High Country Pub,2027-01-13T13:15:31+11:00,2027-01-13T15:11:08+11:00,Australia/Melbourne,Australia/Melbourne,2027-01-13T02:15:31+00:00,2027-01-13T04:11:08+00:00,6937.0,145318,6247,ChIJa0hI5jr0JGsRJsiOIS6xHYc,ChIJa0hI5jr0JGsRJsiOIS6xHYc,b664c06045645c7458f87bf2,,,,
10,overnight,Benambra Hotel - High Country Pub,2027-01-13T15:11:08+11:00,2027-01-14T09:00:00+11:00,Australia/Melbourne,Australia/Melbourne,2027-01-13T04:11:08+00:00,2027-01-13T22:00:00+00:00,64132.0,,ChIJa0hI5jr0JGsRJsiOIS6xHYc,ChIJa0hI5jr0JGsRJsiOIS6xHYc,ChIJa0hI5jr0JGsRJsiOIS6xHYc,,Example accommodation stop; availability is not checked.,,,
11,drive,Bunnings Albury Warehouse,2027-01-14T09:00:00+11:00,2027-01-14T12:04:52+11:00,Australia/Melbourne,Australia/Sydney,2027-01-13T22:00:00+00:00,2027-01-14T01:04:52+00:00,11092.0,209713,ChIJa0hI5jr0JGsRJsiOIS6xHYc,6436,6436,fd3a44c7f20b4e2cbfae3a14,,,,
11,visit,Bunnings Albury Warehouse,2027-01-14T12:04:52+11:00,2027-01-14T12:34:52+11:00,Australia/Sydney,Australia/Sydney,2027-01-14T01:04:52+00:00,2027-01-14T01:34:52+00:00,1800,,6436,6436,6436,,Minimum 30-minute site visit; shop opening hours are not enforced.,,,
11,drive,Bunnings Wodonga Warehouse,2027-01-14T12:34:52+11:00,2027-01-14T12:46:43+11:00,Australia/Sydney,Australia/Melbourne,2027-01-14T01:34:52+00:00,2027-01-14T01:46:43+00:00,711.0,10865,6436,6975,6975,9bfae208bce8150b075d4752,,,,
11,visit,Bunnings Wodonga Warehouse,2027-01-14T12:46:43+11:00,2027-01-14T13:16:43+11:00,Australia/Melbourne,Australia/Melbourne,2027-01-14T01:46:43+00:00,2027-01-14T02:16:43+00:00,1800,,6975,6975,6975,,Minimum 30-minute site visit; shop opening hours are not enforced.,,,
11,drive,Bunnings Wangaratta Warehouse,2027-01-14T13:16:43+11:00,2027-01-14T14:09:42+11:00,Australia/Melbourne,Australia/Melbourne,2027-01-14T02:16:43+00:00,2027-01-14T03:09:42+00:00,3179.0,74391,6975,6300,6300,1d271752db774383b9464f50,,,,
11,visit,Bunnings Wangaratta Warehouse,2027-01-14T14:09:42+11:00,2027-01-14T14:39:42+11:00,Australia/Melbourne,Australia/Melbourne,2027-01-14T03:09:42+00:00,2027-01-14T03:39:42+00:00,1800,,6300,6300,6300,,Minimum 30-minute site visit; shop opening hours are not enforced.,,,
11,drive,Bundalong Riverside Resort,2027-01-14T14:39:42+11:00,2027-01-14T15:13:21+11:00,Australia/Melbourne,Australia/Melbourne,2027-01-14T03:39:42+00:00,2027-01-14T04:13:21+00:00,2019.0,41584,6300,ChIJ91uZxdLVIGsREGILZYY8ogE,ChIJ91uZxdLVIGsREGILZYY8ogE,85601ccb709e7701cf855fde,,,,
11,overnight,Bundalong Riverside Resort,2027-01-14T15:13:21+11:00,2027-01-15T09:00:00+11:00,Australia/Melbourne,Australia/Melbourne,2027-01-14T04:13:21+00:00,2027-01-14T22:00:00+00:00,63999.0,,ChIJ91uZxdLVIGsREGILZYY8ogE,ChIJ91uZxdLVIGsREGILZYY8ogE,ChIJ91uZxdLVIGsREGILZYY8ogE,,Example accommodation stop; availability is not checked.,,,
12,drive,Bunnings Yarrawonga Warehouse,2027-01-15T09:00:00+11:00,2027-01-15T09:17:04+11:00,Australia/Melbourne,Australia/Melbourne,2027-01-14T22:00:00+00:00,2027-01-14T22:17:04+00:00,1024.0,20913,ChIJ91uZxdLVIGsREGILZYY8ogE,6430,6430,da438a89a1ea209a34daa3c3,,,,
12,visit,Bunnings Yarrawonga Warehouse,2027-01-15T09:17:04+11:00,2027-01-15T09:47:04+11:00,Australia/Melbourne,Australia/Melbourne,2027-01-14T22:17:04+00:00,2027-01-14T22:47:04+00:00,1800,,6430,6430,6430,,Minimum 30-minute site visit; shop opening hours are not enforced.,,,
12,drive,Bunnings Shepparton Warehouse,2027-01-15T09:47:04+11:00,2027-01-15T10:49:17+11:00,Australia/Melbourne,Australia/Melbourne,2027-01-14T22:47:04+00:00,2027-01-14T23:49:17+00:00,3733.0,84459,6430,6412,6412,5b4f2ed75bc0db2af6925ef7,,,,
12,visit,Bunnings Shepparton Warehouse,2027-01-15T10:49:17+11:00,2027-01-15T11:19:17+11:00,Australia/Melbourne,Australia/Melbourne,2027-01-14T23:49:17+00:00,2027-01-15T00:19:17+00:00,1800,,6412,6412,6412,,Minimum 30-minute site visit; shop opening hours are not enforced.,,,
12,drive,Bunnings Echuca Warehouse,2027-01-15T11:19:17+11:00,2027-01-15T12:13:57+11:00,Australia/Melbourne,Australia/Melbourne,2027-01-15T00:19:17+00:00,2027-01-15T01:13:57+00:00,3280.0,71337,6412,6177,6177,898851b2758dee3d41a6185d,,,,
12,visit,Bunnings Echuca Warehouse,2027-01-15T12:13:57+11:00,2027-01-15T12:43:57+11:00,Australia/Melbourne,Australia/Melbourne,2027-01-15T01:13:57+00:00,2027-01-15T01:43:57+00:00,1800,,6177,6177,6177,,Minimum 30-minute site visit; shop opening hours are not enforced.,,,
12,drive,Bunnings Epsom Warehouse,2027-01-15T12:43:57+11:00,2027-01-15T13:46:49+11:00,Australia/Melbourne,Australia/Melbourne,2027-01-15T01:43:57+00:00,2027-01-15T02:46:49+00:00,3772.0,85082,6177,6409,6409,bbee41aa6f94703951f4c81d,,,,
12,visit,Bunnings Epsom Warehouse,2027-01-15T13:46:49+11:00,2027-01-15T14:16:49+11:00,Australia/Melbourne,Australia/Melbourne,2027-01-15T02:46:49+00:00,2027-01-15T03:16:49+00:00,1800,,6409,6409,6409,,Minimum 30-minute site visit; shop opening hours are not enforced.,,,
12,drive,Bunnings Bendigo Warehouse,2027-01-15T14:16:49+11:00,2027-01-15T14:38:07+11:00,Australia/Melbourne,Australia/Melbourne,2027-01-15T03:16:49+00:00,2027-01-15T03:38:07+00:00,1278.0,13561,6409,6174,6174,ff7e550132551aa1fc672aa2,,,,
12,visit,Bunnings Bendigo Warehouse,2027-01-15T14:38:07+11:00,2027-01-15T15:08:07+11:00,Australia/Melbourne,Australia/Melbourne,2027-01-15T03:38:07+00:00,2027-01-15T04:08:07+00:00,1800,,6174,6174,6174,,Minimum 30-minute site visit; shop opening hours are not enforced.,,,
12,drive,Toolleen Hotel & Tin Shed,2027-01-15T15:08:07+11:00,2027-01-15T15:49:41+11:00,Australia/Melbourne,Australia/Melbourne,2027-01-15T04:08:07+00:00,2027-01-15T04:49:41+00:00,2494.0,49148,6174,ChIJJ93ZrJ7R2WoRYdv6ZJNDTdc,ChIJJ93ZrJ7R2WoRYdv6ZJNDTdc,51379804c7b46036cc200ded,,,,
12,overnight,Toolleen Hotel & Tin Shed,2027-01-15T15:49:41+11:00,2027-01-16T09:00:00+11:00,Australia/Melbourne,Australia/Melbourne,2027-01-15T04:49:41+00:00,2027-01-15T22:00:00+00:00,61819.0,,ChIJJ93ZrJ7R2WoRYdv6ZJNDTdc,ChIJJ93ZrJ7R2WoRYdv6ZJNDTdc,ChIJJ93ZrJ7R2WoRYdv6ZJNDTdc,,Example accommodation stop; availability is not checked.,,,
13,drive,Bunnings Seymour Warehouse,2027-01-16T09:00:00+11:00,2027-01-16T09:51:55+11:00,Australia/Melbourne,Australia/Melbourne,2027-01-15T22:00:00+00:00,2027-01-15T22:51:55+00:00,3115.0,74130,ChIJJ93ZrJ7R2WoRYdv6ZJNDTdc,6446,6446,179184bce9197ad4a8444be7,,,,
13,visit,Bunnings Seymour Warehouse,2027-01-16T09:51:55+11:00,2027-01-16T10:21:55+11:00,Australia/Melbourne,Australia/Melbourne,2027-01-15T22:51:55+00:00,2027-01-15T23:21:55+00:00,1800,,6446,6446,6446,,Minimum 30-minute site visit; shop opening hours are not enforced.,,,
13,drive,Bunnings Mernda Warehouse,2027-01-16T10:21:55+11:00,2027-01-16T11:19:03+11:00,Australia/Melbourne,Australia/Melbourne,2027-01-15T23:21:55+00:00,2027-01-16T00:19:03+00:00,3428.0,76953,6446,6422,6422,c15f1e4401056fa43f6502d5,,,,
13,visit,Bunnings Mernda Warehouse,2027-01-16T11:19:03+11:00,2027-01-16T11:49:03+11:00,Australia/Melbourne,Australia/Melbourne,2027-01-16T00:19:03+00:00,2027-01-16T00:49:03+00:00,1800,,6422,6422,6422,,Minimum 30-minute site visit; shop opening hours are not enforced.,,,
13,drive,Bunnings Mill Park Warehouse,2027-01-16T11:49:03+11:00,2027-01-16T11:59:35+11:00,Australia/Melbourne,Australia/Melbourne,2027-01-16T00:49:03+00:00,2027-01-16T00:59:35+00:00,632.0,6981,6422,6246,6246,670a9f5898ea731ea4a89a96,,,,
13,visit,Bunnings Mill Park Warehouse,2027-01-16T11:59:35+11:00,2027-01-16T12:29:35+11:00,Australia/Melbourne,Australia/Melbourne,2027-01-16T00:59:35+00:00,2027-01-16T01:29:35+00:00,1800,,6246,6246,6246,,Minimum 30-minute site visit; shop opening hours are not enforced.,,,
13,drive,Bunnings Epping Warehouse,2027-01-16T12:29:35+11:00,2027-01-16T12:44:31+11:00,Australia/Melbourne,Australia/Melbourne,2027-01-16T01:29:35+00:00,2027-01-16T01:44:31+00:00,896.0,7728,6246,6401,6401,18e0680df97ee453c9765cd1,,,,
13,visit,Bunnings Epping Warehouse,2027-01-16T12:44:31+11:00,2027-01-16T13:14:31+11:00,Australia/Melbourne,Australia/Melbourne,2027-01-16T01:44:31+00:00,2027-01-16T02:14:31+00:00,1800,,6401,6401,6401,,Minimum 30-minute site visit; shop opening hours are not enforced.,,,
13,drive,Bunnings Craigieburn Warehouse,2027-01-16T13:14:31+11:00,2027-01-16T13:26:47+11:00,Australia/Melbourne,Australia/Melbourne,2027-01-16T02:14:31+00:00,2027-01-16T02:26:47+00:00,736.0,10919,6401,6385,6385,1fab9d71f9d8403d849338e1,,,,
13,visit,Bunnings Craigieburn Warehouse,2027-01-16T13:26:47+11:00,2027-01-16T13:56:47+11:00,Australia/Melbourne,Australia/Melbourne,2027-01-16T02:26:47+00:00,2027-01-16T02:56:47+00:00,1800,,6385,6385,6385,,Minimum 30-minute site visit; shop opening hours are not enforced.,,,
13,drive,Bunnings Sunbury Warehouse,2027-01-16T13:56:47+11:00,2027-01-16T14:38:20+11:00,Australia/Melbourne,Australia/Melbourne,2027-01-16T02:56:47+00:00,2027-01-16T03:38:20+00:00,2493.0,32536,6385,6411,6411,5ebc7a7ac99722a7fa2b5589,,,,
13,visit,Bunnings Sunbury Warehouse,2027-01-16T14:38:20+11:00,2027-01-16T15:08:20+11:00,Australia/Melbourne,Australia/Melbourne,2027-01-16T03:38:20+00:00,2027-01-16T04:08:20+00:00,1800,,6411,6411,6411,,Minimum 30-minute site visit; shop opening hours are not enforced.,,,
13,drive,Sunbury Motor Inn,2027-01-16T15:08:20+11:00,2027-01-16T15:13:43+11:00,Australia/Melbourne,Australia/Melbourne,2027-01-16T04:08:20+00:00,2027-01-16T04:13:43+00:00,323.0,2457,6411,ChIJrb3yCL_51moRT_pJDCB1WMY,ChIJrb3yCL_51moRT_pJDCB1WMY,8e3858605faa909553e1842f,,,,
13,overnight,Sunbury Motor Inn,2027-01-16T15:13:43+11:00,2027-01-17T09:00:00+11:00,Australia/Melbourne,Australia/Melbourne,2027-01-16T04:13:43+00:00,2027-01-16T22:00:00+00:00,63977.0,,ChIJrb3yCL_51moRT_pJDCB1WMY,ChIJrb3yCL_51moRT_pJDCB1WMY,ChIJrb3yCL_51moRT_pJDCB1WMY,,Example accommodation stop; availability is not checked.,,,
14,drive,Bunnings Melton East Warehouse,2027-01-17T09:00:00+11:00,2027-01-17T09:22:51+11:00,Australia/Melbourne,Australia/Melbourne,2027-01-16T22:00:00+00:00,2027-01-16T22:22:51+00:00,1371.0,22247,ChIJrb3yCL_51moRT_pJDCB1WMY,6450,6450,09a726e4b4d82c50a60c40d0,,,,
14,visit,Bunnings Melton East Warehouse,2027-01-17T09:22:51+11:00,2027-01-17T09:52:51+11:00,Australia/Melbourne,Australia/Melbourne,2027-01-16T22:22:51+00:00,2027-01-16T22:52:51+00:00,1800,,6450,6450,6450,,Minimum 30-minute site visit; shop opening hours are not enforced.,,,
14,drive,Bunnings Ballarat Warehouse,2027-01-17T09:52:51+11:00,2027-01-17T10:44:29+11:00,Australia/Melbourne,Australia/Melbourne,2027-01-16T22:52:51+00:00,2027-01-16T23:44:29+00:00,3098.0,75724,6450,6215,6215,49ec028083fa1c0815ec2ea6,,,,
14,visit,Bunnings Ballarat Warehouse,2027-01-17T10:44:29+11:00,2027-01-17T11:14:29+11:00,Australia/Melbourne,Australia/Melbourne,2027-01-16T23:44:29+00:00,2027-01-17T00:14:29+00:00,1800,,6215,6215,6215,,Minimum 30-minute site visit; shop opening hours are not enforced.,,,
14,drive,Bunnings Delacombe Warehouse,2027-01-17T11:14:29+11:00,2027-01-17T11:28:11+11:00,Australia/Melbourne,Australia/Melbourne,2027-01-17T00:14:29+00:00,2027-01-17T00:28:11+00:00,822.0,8384,6215,6442,6442,4486666cc816d99d37200a67,,,,
14,visit,Bunnings Delacombe Warehouse,2027-01-17T11:28:11+11:00,2027-01-17T11:58:11+11:00,Australia/Melbourne,Australia/Melbourne,2027-01-17T00:28:11+00:00,2027-01-17T00:58:11+00:00,1800,,6442,6442,6442,,Minimum 30-minute site visit; shop opening hours are not enforced.,,,
14,drive,Bunnings Colac Warehouse,2027-01-17T11:58:11+11:00,2027-01-17T13:11:33+11:00,Australia/Melbourne,Australia/Melbourne,2027-01-17T00:58:11+00:00,2027-01-17T02:11:33+00:00,4402.0,100750,6442,6429,6429,bcbd0576b85e83eedf879e93,,,,
14,visit,Bunnings Colac Warehouse,2027-01-17T13:11:33+11:00,2027-01-17T13:41:33+11:00,Australia/Melbourne,Australia/Melbourne,2027-01-17T02:11:33+00:00,2027-01-17T02:41:33+00:00,1800,,6429,6429,6429,,Minimum 30-minute site visit; shop opening hours are not enforced.,,,
14,drive,Bunnings Warrnambool Warehouse,2027-01-17T13:41:33+11:00,2027-01-17T14:55:26+11:00,Australia/Melbourne,Australia/Melbourne,2027-01-17T02:41:33+00:00,2027-01-17T03:55:26+00:00,4433.0,102634,6429,6225,6225,8d3d195c3f05e6755ee374b2,,,,
14,visit,Bunnings Warrnambool Warehouse,2027-01-17T14:55:26+11:00,2027-01-17T15:25:26+11:00,Australia/Melbourne,Australia/Melbourne,2027-01-17T03:55:26+00:00,2027-01-17T04:25:26+00:00,1800,,6225,6225,6225,,Minimum 30-minute site visit; shop opening hours are not enforced.,,,
14,drive,Mickey Bourke's Koroit Hotel,2027-01-17T15:25:26+11:00,2027-01-17T15:48:22+11:00,Australia/Melbourne,Australia/Melbourne,2027-01-17T04:25:26+00:00,2027-01-17T04:48:22+00:00,1376.0,21374,6225,ChIJQaYCeuRJzWoRoRsatkbv768,ChIJQaYCeuRJzWoRoRsatkbv768,a40c4f07b9138c8823990151,,,,
14,overnight,Mickey Bourke's Koroit Hotel,2027-01-17T15:48:22+11:00,2027-01-18T09:00:00+11:00,Australia/Melbourne,Australia/Melbourne,2027-01-17T04:48:22+00:00,2027-01-17T22:00:00+00:00,61898.0,,ChIJQaYCeuRJzWoRoRsatkbv768,ChIJQaYCeuRJzWoRoRsatkbv768,ChIJQaYCeuRJzWoRoRsatkbv768,,Example accommodation stop; availability is not checked.,,,
15,drive,Bunnings Hamilton Warehouse,2027-01-18T09:00:00+11:00,2027-01-18T10:00:47+11:00,Australia/Melbourne,Australia/Melbourne,2027-01-17T22:00:00+00:00,2027-01-17T23:00:47+00:00,3647.0,85755,ChIJQaYCeuRJzWoRoRsatkbv768,6452,6452,d58c558eb48c242edac2323e,,,,
15,visit,Bunnings Hamilton Warehouse,2027-01-18T10:00:47+11:00,2027-01-18T10:30:47+11:00,Australia/Melbourne,Australia/Melbourne,2027-01-17T23:00:47+00:00,2027-01-17T23:30:47+00:00,1800,,6452,6452,6452,,Minimum 30-minute site visit; shop opening hours are not enforced.,,,
15,drive,Bunnings Portland,2027-01-18T10:30:47+11:00,2027-01-18T11:31:06+11:00,Australia/Melbourne,Australia/Melbourne,2027-01-17T23:30:47+00:00,2027-01-18T00:31:06+00:00,3619.0,85462,6452,6463,6463,2054e58907e778200541f9de,,,,
15,visit,Bunnings Portland,2027-01-18T11:31:06+11:00,2027-01-18T12:01:06+11:00,Australia/Melbourne,Australia/Melbourne,2027-01-18T00:31:06+00:00,2027-01-18T01:01:06+00:00,1800,,6463,6463,6463,,Minimum 30-minute site visit; shop opening hours are not enforced.,,,
15,drive,Bunnings Mt Gambier Warehouse,2027-01-18T12:01:06+11:00,2027-01-18T12:43:34+10:30,Australia/Melbourne,Australia/Adelaide,2027-01-18T01:01:06+00:00,2027-01-18T02:13:34+00:00,4348.0,105713,6463,5227,5227,2b39ecc2cef6ecebcac846c9,,,,
15,visit,Bunnings Mt Gambier Warehouse,2027-01-18T12:43:34+10:30,2027-01-18T13:13:34+10:30,Australia/Adelaide,Australia/Adelaide,2027-01-18T02:13:34+00:00,2027-01-18T02:43:34+00:00,1800,,5227,5227,5227,,Minimum 30-minute site visit; shop opening hours are not enforced.,,,
15,drive,Horsham Motel,2027-01-18T13:13:34+10:30,2027-01-18T16:05:19+11:00,Australia/Adelaide,Australia/Melbourne,2027-01-18T02:43:34+00:00,2027-01-18T05:05:19+00:00,8505.0,212802,5227,ChIJz7yLNkxFzmoRwJhmJnVWZH8,ChIJz7yLNkxFzmoRwJhmJnVWZH8,8a6cb69ff596e5294370fabd,,,,
15,overnight,Horsham Motel,2027-01-18T16:05:19+11:00,2027-01-19T09:00:00+11:00,Australia/Melbourne,Australia/Melbourne,2027-01-18T05:05:19+00:00,2027-01-18T22:00:00+00:00,60881.0,,ChIJz7yLNkxFzmoRwJhmJnVWZH8,ChIJz7yLNkxFzmoRwJhmJnVWZH8,ChIJz7yLNkxFzmoRwJhmJnVWZH8,,Example accommodation stop; availability is not checked.,,,
16,drive,Bunnings Horsham Warehouse,2027-01-19T09:00:00+11:00,2027-01-19T09:03:29+11:00,Australia/Melbourne,Australia/Melbourne,2027-01-18T22:00:00+00:00,2027-01-18T22:03:29+00:00,209.0,1153,ChIJz7yLNkxFzmoRwJhmJnVWZH8,6420,6420,8ffe56b326b121db31609250,,,,
16,visit,Bunnings Horsham Warehouse,2027-01-19T09:03:29+11:00,2027-01-19T09:33:29+11:00,Australia/Melbourne,Australia/Melbourne,2027-01-18T22:03:29+00:00,2027-01-18T22:33:29+00:00,1800,,6420,6420,6420,,Minimum 30-minute site visit; shop opening hours are not enforced.,,,
16,drive,Bunnings Swan Hill Warehouse,2027-01-19T09:33:29+11:00,2027-01-19T12:05:48+11:00,Australia/Melbourne,Australia/Melbourne,2027-01-18T22:33:29+00:00,2027-01-19T01:05:48+00:00,9139.0,227419,6420,6423,6423,18f0d70d3312e0cf14417aee,,,,
16,visit,Bunnings Swan Hill Warehouse,2027-01-19T12:05:48+11:00,2027-01-19T12:35:48+11:00,Australia/Melbourne,Australia/Melbourne,2027-01-19T01:05:48+00:00,2027-01-19T01:35:48+00:00,1800,,6423,6423,6423,,Minimum 30-minute site visit; shop opening hours are not enforced.,,,
16,drive,Darlington Point Motel,2027-01-19T12:35:48+11:00,2027-01-19T15:45:35+11:00,Australia/Melbourne,Australia/Sydney,2027-01-19T01:35:48+00:00,2027-01-19T04:45:35+00:00,11387.0,301475,6423,ChIJc7UCEeWRH2sRCgLBmixkckQ,ChIJc7UCEeWRH2sRCgLBmixkckQ,bd6e1225fa8d90f53f696dac,,,,
16,overnight,Darlington Point Motel,2027-01-19T15:45:35+11:00,2027-01-20T09:00:00+11:00,Australia/Sydney,Australia/Sydney,2027-01-19T04:45:35+00:00,2027-01-19T22:00:00+00:00,62065.0,,ChIJc7UCEeWRH2sRCgLBmixkckQ,ChIJc7UCEeWRH2sRCgLBmixkckQ,ChIJc7UCEeWRH2sRCgLBmixkckQ,,Example accommodation stop; availability is not checked.,,,
17,drive,Bunnings Griffith Warehouse,2027-01-20T09:00:00+11:00,2027-01-20T09:26:47+11:00,Australia/Sydney,Australia/Sydney,2027-01-19T22:00:00+00:00,2027-01-19T22:26:47+00:00,1607.0,33272,ChIJc7UCEeWRH2sRCgLBmixkckQ,7196,7196,006025ee03428441a65ee0fa,,,,
17,visit,Bunnings Griffith Warehouse,2027-01-20T09:26:47+11:00,2027-01-20T09:56:47+11:00,Australia/Sydney,Australia/Sydney,2027-01-19T22:26:47+00:00,2027-01-19T22:56:47+00:00,1800,,7196,7196,7196,,Minimum 30-minute site visit; shop opening hours are not enforced.,,,
17,drive,Bunnings Wagga Wagga Warehouse,2027-01-20T09:56:47+11:00,2027-01-20T12:00:08+11:00,Australia/Sydney,Australia/Sydney,2027-01-19T22:56:47+00:00,2027-01-20T01:00:08+00:00,7401.0,185124,7196,7306,7306,29c6293c298463ba95833aab,,,,
17,visit,Bunnings Wagga Wagga Warehouse,2027-01-20T12:00:08+11:00,2027-01-20T12:30:08+11:00,Australia/Sydney,Australia/Sydney,2027-01-20T01:00:08+00:00,2027-01-20T01:30:08+00:00,1800,,7306,7306,7306,,Minimum 30-minute site visit; shop opening hours are not enforced.,,,
17,drive,Bunnings Young Warehouse,2027-01-20T12:30:08+11:00,2027-01-20T14:15:04+11:00,Australia/Sydney,Australia/Sydney,2027-01-20T01:30:08+00:00,2027-01-20T03:15:04+00:00,6296.0,156563,7306,7356,7356,2c1f1dd8483408d56c10d086,,,,
17,visit,Bunnings Young Warehouse,2027-01-20T14:15:04+11:00,2027-01-20T14:45:04+11:00,Australia/Sydney,Australia/Sydney,2027-01-20T03:15:04+00:00,2027-01-20T03:45:04+00:00,1800,,7356,7356,7356,,Minimum 30-minute site visit; shop opening hours are not enforced.,,,
17,drive,Swaggers Motor Inn,2027-01-20T14:45:04+11:00,2027-01-20T15:52:12+11:00,Australia/Sydney,Australia/Sydney,2027-01-20T03:45:04+00:00,2027-01-20T04:52:12+00:00,4028.0,97129,7356,ChIJsZuRk5cQF2sREgYQWAklMXU,ChIJsZuRk5cQF2sREgYQWAklMXU,d7bdbd137f0c49a9dd86a793,,,,
17,overnight,Swaggers Motor Inn,2027-01-20T15:52:12+11:00,2027-01-21T09:00:00+11:00,Australia/Sydney,Australia/Sydney,2027-01-20T04:52:12+00:00,2027-01-20T22:00:00+00:00,61668.0,,ChIJsZuRk5cQF2sREgYQWAklMXU,ChIJsZuRk5cQF2sREgYQWAklMXU,ChIJsZuRk5cQF2sREgYQWAklMXU,,Example accommodation stop; availability is not checked.,,,
18,drive,Bunnings Gungahlin Warehouse,2027-01-21T09:00:00+11:00,2027-01-21T09:44:31+11:00,Australia/Sydney,Australia/Sydney,2027-01-20T22:00:00+00:00,2027-01-20T22:44:31+00:00,2671.0,53024,ChIJsZuRk5cQF2sREgYQWAklMXU,4059,4059,d8c6ad9ed7f57d7a86c99c9c,,,,
18,visit,Bunnings Gungahlin Warehouse,2027-01-21T09:44:31+11:00,2027-01-21T10:14:31+11:00,Australia/Sydney,Australia/Sydney,2027-01-20T22:44:31+00:00,2027-01-20T23:14:31+00:00,1800,,4059,4059,4059,,Minimum 30-minute site visit; shop opening hours are not enforced.,,,
18,drive,Bunnings Mitchell Trade Centre,2027-01-21T10:14:31+11:00,2027-01-21T10:22:06+11:00,Australia/Sydney,Australia/Sydney,2027-01-20T23:14:31+00:00,2027-01-20T23:22:06+00:00,455.0,5152,4059,4060,4060,818d10b78fb6506897304a92,,,,
18,visit,Bunnings Mitchell Trade Centre,2027-01-21T10:22:06+11:00,2027-01-21T10:52:06+11:00,Australia/Sydney,Australia/Sydney,2027-01-20T23:22:06+00:00,2027-01-20T23:52:06+00:00,1800,,4060,4060,4060,,Minimum 30-minute site visit; shop opening hours are not enforced.,,,
18,drive,Bunnings Belconnen Warehouse,2027-01-21T10:52:06+11:00,2027-01-21T11:06:15+11:00,Australia/Sydney,Australia/Sydney,2027-01-20T23:52:06+00:00,2027-01-21T00:06:15+00:00,849.0,11806,4060,4040,4040,050ac6a643349eba56be53d6,,,,
18,visit,Bunnings Belconnen Warehouse,2027-01-21T11:06:15+11:00,2027-01-21T11:36:15+11:00,Australia/Sydney,Australia/Sydney,2027-01-21T00:06:15+00:00,2027-01-21T00:36:15+00:00,1800,,4040,4040,4040,,Minimum 30-minute site visit; shop opening hours are not enforced.,,,
18,drive,Bunnings Canberra Airport Warehouse,2027-01-21T11:36:15+11:00,2027-01-21T11:59:04+11:00,Australia/Sydney,Australia/Sydney,2027-01-21T00:36:15+00:00,2027-01-21T00:59:04+00:00,1369.0,17335,4040,4058,4058,29530b75edff8d1a101c1d47,,,,
18,visit,Bunnings Canberra Airport Warehouse,2027-01-21T11:59:04+11:00,2027-01-21T12:29:04+11:00,Australia/Sydney,Australia/Sydney,2027-01-21T00:59:04+00:00,2027-01-21T01:29:04+00:00,1800,,4058,4058,4058,,Minimum 30-minute site visit; shop opening hours are not enforced.,,,
18,drive,Bunnings Fyshwick Warehouse,2027-01-21T12:29:04+11:00,2027-01-21T12:40:33+11:00,Australia/Sydney,Australia/Sydney,2027-01-21T01:29:04+00:00,2027-01-21T01:40:33+00:00,689.0,6119,4058,4056,4056,509b82421c81965c11735507,,,,
18,visit,Bunnings Fyshwick Warehouse,2027-01-21T12:40:33+11:00,2027-01-21T13:10:33+11:00,Australia/Sydney,Australia/Sydney,2027-01-21T01:40:33+00:00,2027-01-21T02:10:33+00:00,1800,,4056,4056,4056,,Minimum 30-minute site visit; shop opening hours are not enforced.,,,
18,drive,Bunnings Tuggeranong Warehouse,2027-01-21T13:10:33+11:00,2027-01-21T13:29:12+11:00,Australia/Sydney,Australia/Sydney,2027-01-21T02:10:33+00:00,2027-01-21T02:29:12+00:00,1119.0,17872,4056,4025,4025,047413bd9728d78bae972cd8,,,,
18,visit,Bunnings Tuggeranong Warehouse,2027-01-21T13:29:12+11:00,2027-01-21T13:59:12+11:00,Australia/Sydney,Australia/Sydney,2027-01-21T02:29:12+00:00,2027-01-21T02:59:12+00:00,1800,,4025,4025,4025,,Minimum 30-minute site visit; shop opening hours are not enforced.,,,
18,drive,Lincoln Downs Resort,2027-01-21T13:59:12+11:00,2027-01-21T15:59:56+11:00,Australia/Sydney,Australia/Sydney,2027-01-21T02:59:12+00:00,2027-01-21T04:59:56+00:00,7244.0,150428,4025,ChIJacl0ekDAFWsR8QvMNWJy84s,ChIJacl0ekDAFWsR8QvMNWJy84s,9b47f456fee2f591567244f3,,,,
18,overnight,Lincoln Downs Resort,2027-01-21T15:59:56+11:00,2027-01-22T09:00:00+11:00,Australia/Sydney,Australia/Sydney,2027-01-21T04:59:56+00:00,2027-01-21T22:00:00+00:00,61204.0,,ChIJacl0ekDAFWsR8QvMNWJy84s,ChIJacl0ekDAFWsR8QvMNWJy84s,ChIJacl0ekDAFWsR8QvMNWJy84s,,Example accommodation stop; availability is not checked.,,,
19,drive,Bunnings Batemans Bay Warehouse,2027-01-22T09:00:00+11:00,2027-01-22T09:06:04+11:00,Australia/Sydney,Australia/Sydney,2027-01-21T22:00:00+00:00,2027-01-21T22:06:04+00:00,364.0,3683,ChIJacl0ekDAFWsR8QvMNWJy84s,7349,7349,a4505c4c26f066f7f501ef7f,,,,
19,visit,Bunnings Batemans Bay Warehouse,2027-01-22T09:06:04+11:00,2027-01-22T09:36:04+11:00,Australia/Sydney,Australia/Sydney,2027-01-21T22:06:04+00:00,2027-01-21T22:36:04+00:00,1800,,7349,7349,7349,,Minimum 30-minute site visit; shop opening hours are not enforced.,,,
19,drive,Bunnings Ulladulla Warehouse,2027-01-22T09:36:04+11:00,2027-01-22T10:16:17+11:00,Australia/Sydney,Australia/Sydney,2027-01-21T22:36:04+00:00,2027-01-21T23:16:17+00:00,2413.0,52939,7349,7217,7217,ad24c3c85c7f5dcdc9beb71b,,,,
19,visit,Bunnings Ulladulla Warehouse,2027-01-22T10:16:17+11:00,2027-01-22T10:46:17+11:00,Australia/Sydney,Australia/Sydney,2027-01-21T23:16:17+00:00,2027-01-21T23:46:17+00:00,1800,,7217,7217,7217,,Minimum 30-minute site visit; shop opening hours are not enforced.,,,
19,drive,Bunnings Nowra Warehouse,2027-01-22T10:46:17+11:00,2027-01-22T11:35:58+11:00,Australia/Sydney,Australia/Sydney,2027-01-21T23:46:17+00:00,2027-01-22T00:35:58+00:00,2981.0,62090,7217,7220,7220,2d3739aa0b24cbfb0fd93510,,,,
19,visit,Bunnings Nowra Warehouse,2027-01-22T11:35:58+11:00,2027-01-22T12:05:58+11:00,Australia/Sydney,Australia/Sydney,2027-01-22T00:35:58+00:00,2027-01-22T01:05:58+00:00,1800,,7220,7220,7220,,Minimum 30-minute site visit; shop opening hours are not enforced.,,,
19,drive,Bunnings Goulburn Warehouse,2027-01-22T12:05:58+11:00,2027-01-22T13:58:42+11:00,Australia/Sydney,Australia/Sydney,2027-01-22T01:05:58+00:00,2027-01-22T02:58:42+00:00,6764.0,135180,7220,7336,7336,481a1bfe80dc2101de4637f4,,,,
19,visit,Bunnings Goulburn Warehouse,2027-01-22T13:58:42+11:00,2027-01-22T14:28:42+11:00,Australia/Sydney,Australia/Sydney,2027-01-22T02:58:42+00:00,2027-01-22T03:28:42+00:00,1800,,7336,7336,7336,,Minimum 30-minute site visit; shop opening hours are not enforced.,,,
19,drive,Poplars Inn Mittagong,2027-01-22T14:28:42+11:00,2027-01-22T15:30:13+11:00,Australia/Sydney,Australia/Sydney,2027-01-22T03:28:42+00:00,2027-01-22T04:30:13+00:00,3691.0,99666,7336,ChIJhdEWQQGkE2sR82xCHDFj9bk,ChIJhdEWQQGkE2sR82xCHDFj9bk,399dd5cabeff9adc5fd6cb21,,,,
19,overnight,Poplars Inn Mittagong,2027-01-22T15:30:13+11:00,2027-01-23T09:00:00+11:00,Australia/Sydney,Australia/Sydney,2027-01-22T04:30:13+00:00,2027-01-22T22:00:00+00:00,62987.0,,ChIJhdEWQQGkE2sR82xCHDFj9bk,ChIJhdEWQQGkE2sR82xCHDFj9bk,ChIJhdEWQQGkE2sR82xCHDFj9bk,,Example accommodation stop; availability is not checked.,,,
20,drive,Bunnings Mittagong Warehouse,2027-01-23T09:00:00+11:00,2027-01-23T09:06:04+11:00,Australia/Sydney,Australia/Sydney,2027-01-22T22:00:00+00:00,2027-01-22T22:06:04+00:00,364.0,5066,ChIJhdEWQQGkE2sR82xCHDFj9bk,7021,7021,7effa42f1c48b36a17b66157,,,,
20,visit,Bunnings Mittagong Warehouse,2027-01-23T09:06:04+11:00,2027-01-23T09:36:04+11:00,Australia/Sydney,Australia/Sydney,2027-01-22T22:06:04+00:00,2027-01-22T22:36:04+00:00,1800,,7021,7021,7021,,Minimum 30-minute site visit; shop opening hours are not enforced.,,,
20,drive,Bunnings Shellharbour Warehouse,2027-01-23T09:36:04+11:00,2027-01-23T10:38:41+11:00,Australia/Sydney,Australia/Sydney,2027-01-22T22:36:04+00:00,2027-01-22T23:38:41+00:00,3757.0,90011,7021,7377,7377,9c7fcb026ed79fc8ac27bae1,,,,
20,visit,Bunnings Shellharbour Warehouse,2027-01-23T10:38:41+11:00,2027-01-23T11:08:41+11:00,Australia/Sydney,Australia/Sydney,2027-01-22T23:38:41+00:00,2027-01-23T00:08:41+00:00,1800,,7377,7377,7377,,Minimum 30-minute site visit; shop opening hours are not enforced.,,,
20,drive,Bunnings Kembla Grange Warehouse,2027-01-23T11:08:41+11:00,2027-01-23T11:23:36+11:00,Australia/Sydney,Australia/Sydney,2027-01-23T00:08:41+00:00,2027-01-23T00:23:36+00:00,895.0,15198,7377,7365,7365,10203bb9e34c023e98c4ed9e,,,,
20,visit,Bunnings Kembla Grange Warehouse,2027-01-23T11:23:36+11:00,2027-01-23T11:53:36+11:00,Australia/Sydney,Australia/Sydney,2027-01-23T00:23:36+00:00,2027-01-23T00:53:36+00:00,1800,,7365,7365,7365,,Minimum 30-minute site visit; shop opening hours are not enforced.,,,
20,drive,Bunnings Unanderra Trade Centre,2027-01-23T11:53:36+11:00,2027-01-23T11:59:05+11:00,Australia/Sydney,Australia/Sydney,2027-01-23T00:53:36+00:00,2027-01-23T00:59:05+00:00,329.0,3929,7365,7305,7305,d37af9bff749ceb41923c160,,,,
20,visit,Bunnings Unanderra Trade Centre,2027-01-23T11:59:05+11:00,2027-01-23T12:29:05+11:00,Australia/Sydney,Australia/Sydney,2027-01-23T00:59:05+00:00,2027-01-23T01:29:05+00:00,1800,,7305,7305,7305,,Minimum 30-minute site visit; shop opening hours are not enforced.,,,
20,drive,Bunnings Unanderra Frame Truss Plant,2027-01-23T12:29:05+11:00,2027-01-23T12:29:47+11:00,Australia/Sydney,Australia/Sydney,2027-01-23T01:29:05+00:00,2027-01-23T01:29:47+00:00,42.0,150,7305,7143,7143,abe297fc4b6a04ebb569cc31,,,,
20,visit,Bunnings Unanderra Frame Truss Plant,2027-01-23T12:29:47+11:00,2027-01-23T12:59:47+11:00,Australia/Sydney,Australia/Sydney,2027-01-23T01:29:47+00:00,2027-01-23T01:59:47+00:00,1800,,7143,7143,7143,,Minimum 30-minute site visit; shop opening hours are not enforced.,,,
20,drive,Bunnings Bellambi Warehouse,2027-01-23T12:59:47+11:00,2027-01-23T13:15:01+11:00,Australia/Sydney,Australia/Sydney,2027-01-23T01:59:47+00:00,2027-01-23T02:15:01+00:00,914.0,14958,7143,7368,7368,3c1650414c8b98142abeccec,,,,
20,visit,Bunnings Bellambi Warehouse,2027-01-23T13:15:01+11:00,2027-01-23T13:45:01+11:00,Australia/Sydney,Australia/Sydney,2027-01-23T02:15:01+00:00,2027-01-23T02:45:01+00:00,1800,,7368,7368,7368,,Minimum 30-minute site visit; shop opening hours are not enforced.,,,
20,drive,Bunnings Minto Frame & Truss,2027-01-23T13:45:01+11:00,2027-01-23T14:33:47+11:00,Australia/Sydney,Australia/Sydney,2027-01-23T02:45:01+00:00,2027-01-23T03:33:47+00:00,2926.0,47393,7368,7195,7195,0ce9c5ba6d72d2afb47626c1,,,,
20,visit,Bunnings Minto Frame & Truss,2027-01-23T14:33:47+11:00,2027-01-23T15:03:47+11:00,Australia/Sydney,Australia/Sydney,2027-01-23T03:33:47+00:00,2027-01-23T04:03:47+00:00,1800,,7195,7195,7195,,Minimum 30-minute site visit; shop opening hours are not enforced.,,,
20,drive,Bunnings Campbelltown Warehouse,2027-01-23T15:03:47+11:00,2027-01-23T15:12:14+11:00,Australia/Sydney,Australia/Sydney,2027-01-23T04:03:47+00:00,2027-01-23T04:12:14+00:00,507.0,5072,7195,7386,7386,848dcc7e429b5352ca926fc9,,,,
20,visit,Bunnings Campbelltown Warehouse,2027-01-23T15:12:14+11:00,2027-01-23T15:42:14+11:00,Australia/Sydney,Australia/Sydney,2027-01-23T04:12:14+00:00,2027-01-23T04:42:14+00:00,1800,,7386,7386,7386,,Minimum 30-minute site visit; shop opening hours are not enforced.,,,
20,drive,Rydges Campbelltown,2027-01-23T15:42:14+11:00,2027-01-23T15:46:32+11:00,Australia/Sydney,Australia/Sydney,2027-01-23T04:42:14+00:00,2027-01-23T04:46:32+00:00,258.0,1760,7386,ChIJ31hGpazvEmsRhbZvIksniwg,ChIJ31hGpazvEmsRhbZvIksniwg,7eebf8a8ff7bcf48822e7a48,,,,
20,overnight,Rydges Campbelltown,2027-01-23T15:46:32+11:00,2027-01-24T09:00:00+11:00,Australia/Sydney,Australia/Sydney,2027-01-23T04:46:32+00:00,2027-01-23T22:00:00+00:00,62008.0,,ChIJ31hGpazvEmsRhbZvIksniwg,ChIJ31hGpazvEmsRhbZvIksniwg,ChIJ31hGpazvEmsRhbZvIksniwg,,Example accommodation stop; availability is not checked.,,,
21,drive,Bunnings Narellan Warehouse,2027-01-24T09:00:00+11:00,2027-01-24T09:13:59+11:00,Australia/Sydney,Australia/Sydney,2027-01-23T22:00:00+00:00,2027-01-23T22:13:59+00:00,839.0,9251,ChIJ31hGpazvEmsRhbZvIksniwg,7214,7214,0e09f8266dbddb51562d2dfe,,,,
21,visit,Bunnings Narellan Warehouse,2027-01-24T09:13:59+11:00,2027-01-24T09:43:59+11:00,Australia/Sydney,Australia/Sydney,2027-01-23T22:13:59+00:00,2027-01-23T22:43:59+00:00,1800,,7214,7214,7214,,Minimum 30-minute site visit; shop opening hours are not enforced.,,,
21,drive,Bunnings Gregory Hills Warehouse,2027-01-24T09:43:59+11:00,2027-01-24T09:51:45+11:00,Australia/Sydney,Australia/Sydney,2027-01-23T22:43:59+00:00,2027-01-23T22:51:45+00:00,466.0,4232,7214,7379,7379,213191c4bfb5f0d12a5ae36e,,,,
21,visit,Bunnings Gregory Hills Warehouse,2027-01-24T09:51:45+11:00,2027-01-24T10:21:45+11:00,Australia/Sydney,Australia/Sydney,2027-01-23T22:51:45+00:00,2027-01-23T23:21:45+00:00,1800,,7379,7379,7379,,Minimum 30-minute site visit; shop opening hours are not enforced.,,,
21,drive,Bunnings Leppington,2027-01-24T10:21:45+11:00,2027-01-24T10:35:28+11:00,Australia/Sydney,Australia/Sydney,2027-01-23T23:21:45+00:00,2027-01-23T23:35:28+00:00,823.0,11555,7379,7222,7222,144bec4faa667e7430597643,,,,
21,visit,Bunnings Leppington,2027-01-24T10:35:28+11:00,2027-01-24T11:05:28+11:00,Australia/Sydney,Australia/Sydney,2027-01-23T23:35:28+00:00,2027-01-24T00:05:28+00:00,1800,,7222,7222,7222,,Minimum 30-minute site visit; shop opening hours are not enforced.,,,
21,drive,Bunnings Hoxton Park Warehouse,2027-01-24T11:05:28+11:00,2027-01-24T11:15:27+11:00,Australia/Sydney,Australia/Sydney,2027-01-24T00:05:28+00:00,2027-01-24T00:15:27+00:00,599.0,5610,7222,7376,7376,51e9c90ea17e5957e3dccc5a,,,,
21,visit,Bunnings Hoxton Park Warehouse,2027-01-24T11:15:27+11:00,2027-01-24T11:45:27+11:00,Australia/Sydney,Australia/Sydney,2027-01-24T00:15:27+00:00,2027-01-24T00:45:27+00:00,1800,,7376,7376,7376,,Minimum 30-minute site visit; shop opening hours are not enforced.,,,
21,drive,Bunnings Bonnyrigg Warehouse,2027-01-24T11:45:27+11:00,2027-01-24T11:55:50+11:00,Australia/Sydney,Australia/Sydney,2027-01-24T00:45:27+00:00,2027-01-24T00:55:50+00:00,623.0,6451,7376,7364,7364,6874c7330a89fda8970a0893,,,,
21,visit,Bunnings Bonnyrigg Warehouse,2027-01-24T11:55:50+11:00,2027-01-24T12:25:50+11:00,Australia/Sydney,Australia/Sydney,2027-01-24T00:55:50+00:00,2027-01-24T01:25:50+00:00,1800,,7364,7364,7364,,Minimum 30-minute site visit; shop opening hours are not enforced.,,,
21,drive,Bunnings Blacktown Warehouse,2027-01-24T12:25:50+11:00,2027-01-24T12:46:29+11:00,Australia/Sydney,Australia/Sydney,2027-01-24T01:25:50+00:00,2027-01-24T01:46:29+00:00,1239.0,19152,7364,7342,7342,373f3644e939506fc60b2431,,,,
21,visit,Bunnings Blacktown Warehouse,2027-01-24T12:46:29+11:00,2027-01-24T13:16:29+11:00,Australia/Sydney,Australia/Sydney,2027-01-24T01:46:29+00:00,2027-01-24T02:16:29+00:00,1800,,7342,7342,7342,,Minimum 30-minute site visit; shop opening hours are not enforced.,,,
21,drive,Bunnings Greystanes Trade Centre,2027-01-24T13:16:29+11:00,2027-01-24T13:25:53+11:00,Australia/Sydney,Australia/Sydney,2027-01-24T02:16:29+00:00,2027-01-24T02:25:53+00:00,564.0,4970,7342,7382,7382,f6e5b67d7a0c2db608c02535,,,,
21,visit,Bunnings Greystanes Trade Centre,2027-01-24T13:25:53+11:00,2027-01-24T13:55:53+11:00,Australia/Sydney,Australia/Sydney,2027-01-24T02:25:53+00:00,2027-01-24T02:55:53+00:00,1800,,7382,7382,7382,,Minimum 30-minute site visit; shop opening hours are not enforced.,,,
21,drive,Bunnings Smithfield NSW Warehouse,2027-01-24T13:55:53+11:00,2027-01-24T14:07:14+11:00,Australia/Sydney,Australia/Sydney,2027-01-24T02:55:53+00:00,2027-01-24T03:07:14+00:00,681.0,6860,7382,7369,7369,5d684ec6a6cd4ccff8aad799,,,,
21,visit,Bunnings Smithfield NSW Warehouse,2027-01-24T14:07:14+11:00,2027-01-24T14:37:14+11:00,Australia/Sydney,Australia/Sydney,2027-01-24T03:07:14+00:00,2027-01-24T03:37:14+00:00,1800,,7369,7369,7369,,Minimum 30-minute site visit; shop opening hours are not enforced.,,,
21,drive,Bunnings Villawood Warehouse,2027-01-24T14:37:14+11:00,2027-01-24T14:48:16+11:00,Australia/Sydney,Australia/Sydney,2027-01-24T03:37:14+00:00,2027-01-24T03:48:16+00:00,662.0,6050,7369,7179,7179,f98191ae0fafd23ff7797ffc,,,,
21,visit,Bunnings Villawood Warehouse,2027-01-24T14:48:16+11:00,2027-01-24T15:18:16+11:00,Australia/Sydney,Australia/Sydney,2027-01-24T03:48:16+00:00,2027-01-24T04:18:16+00:00,1800,,7179,7179,7179,,Minimum 30-minute site visit; shop opening hours are not enforced.,,,
21,drive,Nightcap at Chester Hill Hotel,2027-01-24T15:18:16+11:00,2027-01-24T15:24:43+11:00,Australia/Sydney,Australia/Sydney,2027-01-24T04:18:16+00:00,2027-01-24T04:24:43+00:00,387.0,3192,7179,ChIJzUSkog-9EmsR6f6PH0CJUNc,ChIJzUSkog-9EmsR6f6PH0CJUNc,7549e3efeb1a61d30336d883,,,,
21,overnight,Nightcap at Chester Hill Hotel,2027-01-24T15:24:43+11:00,2027-01-25T09:00:00+11:00,Australia/Sydney,Australia/Sydney,2027-01-24T04:24:43+00:00,2027-01-24T22:00:00+00:00,63317.0,,ChIJzUSkog-9EmsR6f6PH0CJUNc,ChIJzUSkog-9EmsR6f6PH0CJUNc,ChIJzUSkog-9EmsR6f6PH0CJUNc,,Example accommodation stop; availability is not checked.,,,
22,drive,Bunnings Bankstown Airport Warehouse,2027-01-25T09:00:00+11:00,2027-01-25T09:14:23+11:00,Australia/Sydney,Australia/Sydney,2027-01-24T22:00:00+00:00,2027-01-24T22:14:23+00:00,863.0,8647,ChIJzUSkog-9EmsR6f6PH0CJUNc,7086,7086,aa45e137a6cd8289ad405881,,,,
22,visit,Bunnings Bankstown Airport Warehouse,2027-01-25T09:14:23+11:00,2027-01-25T09:44:23+11:00,Australia/Sydney,Australia/Sydney,2027-01-24T22:14:23+00:00,2027-01-24T22:44:23+00:00,1800,,7086,7086,7086,,Minimum 30-minute site visit; shop opening hours are not enforced.,,,
22,drive,Bunnings Padstow Warehouse,2027-01-25T09:44:23+11:00,2027-01-25T09:53:35+11:00,Australia/Sydney,Australia/Sydney,2027-01-24T22:44:23+00:00,2027-01-24T22:53:35+00:00,552.0,5029,7086,7351,7351,9858df9df29592bd661f1d4f,,,,
22,visit,Bunnings Padstow Warehouse,2027-01-25T09:53:35+11:00,2027-01-25T10:23:35+11:00,Australia/Sydney,Australia/Sydney,2027-01-24T22:53:35+00:00,2027-01-24T23:23:35+00:00,1800,,7351,7351,7351,,Minimum 30-minute site visit; shop opening hours are not enforced.,,,
22,drive,Bunnings Kirrawee Warehouse,2027-01-25T10:23:35+11:00,2027-01-25T10:43:23+11:00,Australia/Sydney,Australia/Sydney,2027-01-24T23:23:35+00:00,2027-01-24T23:43:23+00:00,1188.0,17594,7351,7213,7213,66b318a25be2ce1d3597ff92,,,,
22,visit,Bunnings Kirrawee Warehouse,2027-01-25T10:43:23+11:00,2027-01-25T11:13:23+11:00,Australia/Sydney,Australia/Sydney,2027-01-24T23:43:23+00:00,2027-01-25T00:13:23+00:00,1800,,7213,7213,7213,,Minimum 30-minute site visit; shop opening hours are not enforced.,,,
22,drive,Bunnings Caringbah Warehouse,2027-01-25T11:13:23+11:00,2027-01-25T11:24:16+11:00,Australia/Sydney,Australia/Sydney,2027-01-25T00:13:23+00:00,2027-01-25T00:24:16+00:00,653.0,4991,7213,7219,7219,c404c57ad5a79009021a9170,,,,
22,visit,Bunnings Caringbah Warehouse,2027-01-25T11:24:16+11:00,2027-01-25T11:54:16+11:00,Australia/Sydney,Australia/Sydney,2027-01-25T00:24:16+00:00,2027-01-25T00:54:16+00:00,1800,,7219,7219,7219,,Minimum 30-minute site visit; shop opening hours are not enforced.,,,
22,drive,Bunnings Rockdale Warehouse,2027-01-25T11:54:16+11:00,2027-01-25T12:10:31+11:00,Australia/Sydney,Australia/Sydney,2027-01-25T00:54:16+00:00,2027-01-25T01:10:31+00:00,975.0,9116,7219,7071,7071,6ca4a68de6287fc1cc3b7cba,,,,
22,visit,Bunnings Rockdale Warehouse,2027-01-25T12:10:31+11:00,2027-01-25T12:40:31+11:00,Australia/Sydney,Australia/Sydney,2027-01-25T01:10:31+00:00,2027-01-25T01:40:31+00:00,1800,,7071,7071,7071,,Minimum 30-minute site visit; shop opening hours are not enforced.,,,
22,drive,Bunnings Kingsgrove Warehouse,2027-01-25T12:40:31+11:00,2027-01-25T12:51:29+11:00,Australia/Sydney,Australia/Sydney,2027-01-25T01:40:31+00:00,2027-01-25T01:51:29+00:00,658.0,7826,7071,7319,7319,9759c8be69f91ebe6c5b84fb,,,,
22,visit,Bunnings Kingsgrove Warehouse,2027-01-25T12:51:29+11:00,2027-01-25T13:21:29+11:00,Australia/Sydney,Australia/Sydney,2027-01-25T01:51:29+00:00,2027-01-25T02:21:29+00:00,1800,,7319,7319,7319,,Minimum 30-minute site visit; shop opening hours are not enforced.,,,
22,drive,Bunnings Greenacre Warehouse,2027-01-25T13:21:29+11:00,2027-01-25T13:35:34+11:00,Australia/Sydney,Australia/Sydney,2027-01-25T02:21:29+00:00,2027-01-25T02:35:34+00:00,845.0,7553,7319,7315,7315,15c8e1c8cac7638e2a20cd2e,,,,
22,visit,Bunnings Greenacre Warehouse,2027-01-25T13:35:34+11:00,2027-01-25T14:05:34+11:00,Australia/Sydney,Australia/Sydney,2027-01-25T02:35:34+00:00,2027-01-25T03:05:34+00:00,1800,,7315,7315,7315,,Minimum 30-minute site visit; shop opening hours are not enforced.,,,
22,drive,Bunnings Lidcombe Warehouse,2027-01-25T14:05:34+11:00,2027-01-25T14:16:41+11:00,Australia/Sydney,Australia/Sydney,2027-01-25T03:05:34+00:00,2027-01-25T03:16:41+00:00,667.0,8845,7315,7173,7173,e50ba44358c9568603f25412,,,,
22,visit,Bunnings Lidcombe Warehouse,2027-01-25T14:16:41+11:00,2027-01-25T14:46:41+11:00,Australia/Sydney,Australia/Sydney,2027-01-25T03:16:41+00:00,2027-01-25T03:46:41+00:00,1800,,7173,7173,7173,,Minimum 30-minute site visit; shop opening hours are not enforced.,,,
22,drive,Bunnings Rydalmere Warehouse,2027-01-25T14:46:41+11:00,2027-01-25T14:59:17+11:00,Australia/Sydney,Australia/Sydney,2027-01-25T03:46:41+00:00,2027-01-25T03:59:17+00:00,756.0,7517,7173,7333,7333,4adcf48398f63f9f31b5150d,,,,
22,visit,Bunnings Rydalmere Warehouse,2027-01-25T14:59:17+11:00,2027-01-25T15:29:17+11:00,Australia/Sydney,Australia/Sydney,2027-01-25T03:59:17+00:00,2027-01-25T04:29:17+00:00,1800,,7333,7333,7333,,Minimum 30-minute site visit; shop opening hours are not enforced.,,,
22,drive,Mercure Sydney Parramatta,2027-01-25T15:29:17+11:00,2027-01-25T15:36:17+11:00,Australia/Sydney,Australia/Sydney,2027-01-25T04:29:17+00:00,2027-01-25T04:36:17+00:00,420.0,3932,7333,ChIJzyShvBWjEmsR_m-wInqOtV8,ChIJzyShvBWjEmsR_m-wInqOtV8,516a6ceef6a46e10fdb86cba,,,,
22,overnight,Mercure Sydney Parramatta,2027-01-25T15:36:17+11:00,2027-01-26T09:00:00+11:00,Australia/Sydney,Australia/Sydney,2027-01-25T04:36:17+00:00,2027-01-25T22:00:00+00:00,62623.0,,ChIJzyShvBWjEmsR_m-wInqOtV8,ChIJzyShvBWjEmsR_m-wInqOtV8,ChIJzyShvBWjEmsR_m-wInqOtV8,,Example accommodation stop; availability is not checked.,,,
23,drive,Bunnings Carlingford Warehouse,2027-01-26T09:00:00+11:00,2027-01-26T09:11:20+11:00,Australia/Sydney,Australia/Sydney,2027-01-25T22:00:00+00:00,2027-01-25T22:11:20+00:00,680.0,7730,ChIJzyShvBWjEmsR_m-wInqOtV8,7132,7132,59fabd9392a399a826f24e87,,,,
23,visit,Bunnings Carlingford Warehouse,2027-01-26T09:11:20+11:00,2027-01-26T09:41:20+11:00,Australia/Sydney,Australia/Sydney,2027-01-25T22:11:20+00:00,2027-01-25T22:41:20+00:00,1800,,7132,7132,7132,,Minimum 30-minute site visit; shop opening hours are not enforced.,,,
23,drive,Bunnings Northmead Warehouse,2027-01-26T09:41:20+11:00,2027-01-26T09:52:09+11:00,Australia/Sydney,Australia/Sydney,2027-01-25T22:41:20+00:00,2027-01-25T22:52:09+00:00,649.0,7140,7132,7384,7384,18c649fda85259b87232be08,,,,
23,visit,Bunnings Northmead Warehouse,2027-01-26T09:52:09+11:00,2027-01-26T10:22:09+11:00,Australia/Sydney,Australia/Sydney,2027-01-25T22:52:09+00:00,2027-01-25T23:22:09+00:00,1800,,7384,7384,7384,,Minimum 30-minute site visit; shop opening hours are not enforced.,,,
23,drive,Bunnings Seven Hills Warehouse,2027-01-26T10:22:09+11:00,2027-01-26T10:30:29+11:00,Australia/Sydney,Australia/Sydney,2027-01-25T23:22:09+00:00,2027-01-25T23:30:29+00:00,500.0,5239,7384,7212,7212,7844d36a4f46de897527542b,,,,
23,visit,Bunnings Seven Hills Warehouse,2027-01-26T10:30:29+11:00,2027-01-26T11:00:29+11:00,Australia/Sydney,Australia/Sydney,2027-01-25T23:30:29+00:00,2027-01-26T00:00:29+00:00,1800,,7212,7212,7212,,Minimum 30-minute site visit; shop opening hours are not enforced.,,,
23,drive,Bunnings Castle Hill Warehouse,2027-01-26T11:00:29+11:00,2027-01-26T11:12:02+11:00,Australia/Sydney,Australia/Sydney,2027-01-26T00:00:29+00:00,2027-01-26T00:12:02+00:00,693.0,6654,7212,7314,7314,3a8042a7124d9da2d0bffff8,,,,
23,visit,Bunnings Castle Hill Warehouse,2027-01-26T11:12:02+11:00,2027-01-26T11:42:02+11:00,Australia/Sydney,Australia/Sydney,2027-01-26T00:12:02+00:00,2027-01-26T00:42:02+00:00,1800,,7314,7314,7314,,Minimum 30-minute site visit; shop opening hours are not enforced.,,,
23,drive,Bunnings Dural Warehouse,2027-01-26T11:42:02+11:00,2027-01-26T11:56:25+11:00,Australia/Sydney,Australia/Sydney,2027-01-26T00:42:02+00:00,2027-01-26T00:56:25+00:00,863.0,7695,7314,7082,7082,82eaf266e9d2ed3be0ad4a4c,,,,
23,visit,Bunnings Dural Warehouse,2027-01-26T11:56:25+11:00,2027-01-26T12:26:25+11:00,Australia/Sydney,Australia/Sydney,2027-01-26T00:56:25+00:00,2027-01-26T01:26:25+00:00,1800,,7082,7082,7082,,Minimum 30-minute site visit; shop opening hours are not enforced.,,,
23,drive,Bunnings Thornleigh Warehouse,2027-01-26T12:26:25+11:00,2027-01-26T12:40:14+11:00,Australia/Sydney,Australia/Sydney,2027-01-26T01:26:25+00:00,2027-01-26T01:40:14+00:00,829.0,8646,7082,7152,7152,cda5ea3be57c6a9f0c37b812,,,,
23,visit,Bunnings Thornleigh Warehouse,2027-01-26T12:40:14+11:00,2027-01-26T13:10:14+11:00,Australia/Sydney,Australia/Sydney,2027-01-26T01:40:14+00:00,2027-01-26T02:10:14+00:00,1800,,7152,7152,7152,,Minimum 30-minute site visit; shop opening hours are not enforced.,,,
23,drive,Bunnings Pymble Warehouse,2027-01-26T13:10:14+11:00,2027-01-26T13:24:49+11:00,Australia/Sydney,Australia/Sydney,2027-01-26T02:10:14+00:00,2027-01-26T02:24:49+00:00,875.0,7995,7152,7346,7346,8b72e6d99366325905ebe698,,,,
23,visit,Bunnings Pymble Warehouse,2027-01-26T13:24:49+11:00,2027-01-26T13:54:49+11:00,Australia/Sydney,Australia/Sydney,2027-01-26T02:24:49+00:00,2027-01-26T02:54:49+00:00,1800,,7346,7346,7346,,Minimum 30-minute site visit; shop opening hours are not enforced.,,,
23,drive,Bunnings Chatswood Warehouse,2027-01-26T13:54:49+11:00,2027-01-26T14:10:07+11:00,Australia/Sydney,Australia/Sydney,2027-01-26T02:54:49+00:00,2027-01-26T03:10:07+00:00,918.0,8462,7346,7216,7216,dc97da1ffd514a2964dfa365,,,,
23,visit,Bunnings Chatswood Warehouse,2027-01-26T14:10:07+11:00,2027-01-26T14:40:07+11:00,Australia/Sydney,Australia/Sydney,2027-01-26T03:10:07+00:00,2027-01-26T03:40:07+00:00,1800,,7216,7216,7216,,Minimum 30-minute site visit; shop opening hours are not enforced.,,,
23,drive,Bunnings Artarmon Warehouse,2027-01-26T14:40:07+11:00,2027-01-26T14:53:08+11:00,Australia/Sydney,Australia/Sydney,2027-01-26T03:40:07+00:00,2027-01-26T03:53:08+00:00,781.0,5108,7216,7174,7174,415c7721581a3d7101895ace,,,,
23,visit,Bunnings Artarmon Warehouse,2027-01-26T14:53:08+11:00,2027-01-26T15:23:08+11:00,Australia/Sydney,Australia/Sydney,2027-01-26T03:53:08+00:00,2027-01-26T04:23:08+00:00,1800,,7174,7174,7174,,Minimum 30-minute site visit; shop opening hours are not enforced.,,,
23,drive,Twin Towers Inn,2027-01-26T15:23:08+11:00,2027-01-26T15:27:45+11:00,Australia/Sydney,Australia/Sydney,2027-01-26T04:23:08+00:00,2027-01-26T04:27:45+00:00,277.0,1152,7174,ChIJceRzpiGvEmsRs831h6HGhJk,ChIJceRzpiGvEmsRs831h6HGhJk,b86ff2e87bd78bfb53c13f84,,,,
23,overnight,Twin Towers Inn,2027-01-26T15:27:45+11:00,2027-01-27T09:00:00+11:00,Australia/Sydney,Australia/Sydney,2027-01-26T04:27:45+00:00,2027-01-26T22:00:00+00:00,63135.0,,ChIJceRzpiGvEmsRs831h6HGhJk,ChIJceRzpiGvEmsRs831h6HGhJk,ChIJceRzpiGvEmsRs831h6HGhJk,,Example accommodation stop; availability is not checked.,,,
24,drive,Bunnings Gladesville Warehouse,2027-01-27T09:00:00+11:00,2027-01-27T09:16:32+11:00,Australia/Sydney,Australia/Sydney,2027-01-26T22:00:00+00:00,2027-01-26T22:16:32+00:00,992.0,9459,ChIJceRzpiGvEmsRs831h6HGhJk,7334,7334,64238fa993d4466b90775d4d,,,,
24,visit,Bunnings Gladesville Warehouse,2027-01-27T09:16:32+11:00,2027-01-27T09:46:32+11:00,Australia/Sydney,Australia/Sydney,2027-01-26T22:16:32+00:00,2027-01-26T22:46:32+00:00,1800,,7334,7334,7334,,Minimum 30-minute site visit; shop opening hours are not enforced.,,,
24,drive,Bunnings Ashfield Warehouse,2027-01-27T09:46:32+11:00,2027-01-27T10:06:04+11:00,Australia/Sydney,Australia/Sydney,2027-01-26T22:46:32+00:00,2027-01-26T23:06:04+00:00,1172.0,10429,7334,7175,7175,37784b40ab249331a06c6436,,,,
24,visit,Bunnings Ashfield Warehouse,2027-01-27T10:06:04+11:00,2027-01-27T10:36:04+11:00,Australia/Sydney,Australia/Sydney,2027-01-26T23:06:04+00:00,2027-01-26T23:36:04+00:00,1800,,7175,7175,7175,,Minimum 30-minute site visit; shop opening hours are not enforced.,,,
24,drive,Bunnings Rozelle Warehouse,2027-01-27T10:36:04+11:00,2027-01-27T10:49:07+11:00,Australia/Sydney,Australia/Sydney,2027-01-26T23:36:04+00:00,2027-01-26T23:49:07+00:00,783.0,9685,7175,7373,7373,05bd509c2de666aba8bfc8eb,,,,
24,visit,Bunnings Rozelle Warehouse,2027-01-27T10:49:07+11:00,2027-01-27T11:19:07+11:00,Australia/Sydney,Australia/Sydney,2027-01-26T23:49:07+00:00,2027-01-27T00:19:07+00:00,1800,,7373,7373,7373,,Minimum 30-minute site visit; shop opening hours are not enforced.,,,
24,drive,Bunnings Alexandria Warehouse,2027-01-27T11:19:07+11:00,2027-01-27T11:32:09+11:00,Australia/Sydney,Australia/Sydney,2027-01-27T00:19:07+00:00,2027-01-27T00:32:09+00:00,782.0,8702,7373,7313,7313,6f13c52d44220d73e032cdfe,,,,
24,visit,Bunnings Alexandria Warehouse,2027-01-27T11:32:09+11:00,2027-01-27T12:02:09+11:00,Australia/Sydney,Australia/Sydney,2027-01-27T00:32:09+00:00,2027-01-27T01:02:09+00:00,1800,,7313,7313,7313,,Minimum 30-minute site visit; shop opening hours are not enforced.,,,
24,drive,Bunnings Eastgardens Warehouse,2027-01-27T12:02:09+11:00,2027-01-27T12:17:44+11:00,Australia/Sydney,Australia/Sydney,2027-01-27T01:02:09+00:00,2027-01-27T01:17:44+00:00,935.0,7700,7313,7316,7316,c8a417da6e369a5e1638dd99,,,,
24,visit,Bunnings Eastgardens Warehouse,2027-01-27T12:17:44+11:00,2027-01-27T12:47:44+11:00,Australia/Sydney,Australia/Sydney,2027-01-27T01:17:44+00:00,2027-01-27T01:47:44+00:00,1800,,7316,7316,7316,,Minimum 30-minute site visit; shop opening hours are not enforced.,,,
24,drive,Bunnings Randwick Warehouse,2027-01-27T12:47:44+11:00,2027-01-27T13:03:09+11:00,Australia/Sydney,Australia/Sydney,2027-01-27T01:47:44+00:00,2027-01-27T02:03:09+00:00,925.0,6131,7316,7301,7301,8f2139c1a65835b3ee4fdd17,,,,
24,visit,Bunnings Randwick Warehouse,2027-01-27T13:03:09+11:00,2027-01-27T13:33:09+11:00,Australia/Sydney,Australia/Sydney,2027-01-27T02:03:09+00:00,2027-01-27T02:33:09+00:00,1800,,7301,7301,7301,,Minimum 30-minute site visit; shop opening hours are not enforced.,,,
24,drive,Bunnings Rose Bay Warehouse,2027-01-27T13:33:09+11:00,2027-01-27T13:47:32+11:00,Australia/Sydney,Australia/Sydney,2027-01-27T02:33:09+00:00,2027-01-27T02:47:32+00:00,863.0,5396,7301,7374,7374,db9bd9b6a072963838cc8ee4,,,,
24,visit,Bunnings Rose Bay Warehouse,2027-01-27T13:47:32+11:00,2027-01-27T14:17:32+11:00,Australia/Sydney,Australia/Sydney,2027-01-27T02:47:32+00:00,2027-01-27T03:17:32+00:00,1800,,7374,7374,7374,,Minimum 30-minute site visit; shop opening hours are not enforced.,,,
24,drive,Bunnings Balgowlah Warehouse,2027-01-27T14:17:32+11:00,2027-01-27T14:50:06+11:00,Australia/Sydney,Australia/Sydney,2027-01-27T03:17:32+00:00,2027-01-27T03:50:06+00:00,1954.0,20287,7374,7304,7304,70c45710c19db6948da9500d,,,,
24,visit,Bunnings Balgowlah Warehouse,2027-01-27T14:50:06+11:00,2027-01-27T15:20:06+11:00,Australia/Sydney,Australia/Sydney,2027-01-27T03:50:06+00:00,2027-01-27T04:20:06+00:00,1800,,7304,7304,7304,,Minimum 30-minute site visit; shop opening hours are not enforced.,,,
24,drive,Manly Waves Hotel: Studios & Apartments,2027-01-27T15:20:06+11:00,2027-01-27T15:25:10+11:00,Australia/Sydney,Australia/Sydney,2027-01-27T04:20:06+00:00,2027-01-27T04:25:10+00:00,304.0,2339,7304,ChIJQ_EfgQGrEmsRr-Qrdc9MnJI,ChIJQ_EfgQGrEmsRr-Qrdc9MnJI,582833cd858d835e86b90048,,,,
24,overnight,Manly Waves Hotel: Studios & Apartments,2027-01-27T15:25:10+11:00,2027-01-28T09:00:00+11:00,Australia/Sydney,Australia/Sydney,2027-01-27T04:25:10+00:00,2027-01-27T22:00:00+00:00,63290.0,,ChIJQ_EfgQGrEmsRr-Qrdc9MnJI,ChIJQ_EfgQGrEmsRr-Qrdc9MnJI,ChIJQ_EfgQGrEmsRr-Qrdc9MnJI,,Example accommodation stop; availability is not checked.,,,
25,drive,Bunnings Frenchs Forest Warehouse,2027-01-28T09:00:00+11:00,2027-01-28T09:14:37+11:00,Australia/Sydney,Australia/Sydney,2027-01-27T22:00:00+00:00,2027-01-27T22:14:37+00:00,877.0,7226,ChIJQ_EfgQGrEmsRr-Qrdc9MnJI,7378,7378,cdb91c86ef35d2ae8363886d,,,,
25,visit,Bunnings Frenchs Forest Warehouse,2027-01-28T09:14:37+11:00,2027-01-28T09:44:37+11:00,Australia/Sydney,Australia/Sydney,2027-01-27T22:14:37+00:00,2027-01-27T22:44:37+00:00,1800,,7378,7378,7378,,Minimum 30-minute site visit; shop opening hours are not enforced.,,,
25,drive,Bunnings Belrose Warehouse,2027-01-28T09:44:37+11:00,2027-01-28T09:56:41+11:00,Australia/Sydney,Australia/Sydney,2027-01-27T22:44:37+00:00,2027-01-27T22:56:41+00:00,724.0,7495,7378,7168,7168,d3aee339e7f9a1b8743a3323,,,,
25,visit,Bunnings Belrose Warehouse,2027-01-28T09:56:41+11:00,2027-01-28T10:26:41+11:00,Australia/Sydney,Australia/Sydney,2027-01-27T22:56:41+00:00,2027-01-27T23:26:41+00:00,1800,,7168,7168,7168,,Minimum 30-minute site visit; shop opening hours are not enforced.,,,
25,drive,Bunnings Narrabeen Warehouse,2027-01-28T10:26:41+11:00,2027-01-28T10:46:46+11:00,Australia/Sydney,Australia/Sydney,2027-01-27T23:26:41+00:00,2027-01-27T23:46:46+00:00,1205.0,15387,7168,7159,7159,bf2e727ce41f4d9a6686b11f,,,,
25,visit,Bunnings Narrabeen Warehouse,2027-01-28T10:46:46+11:00,2027-01-28T11:16:46+11:00,Australia/Sydney,Australia/Sydney,2027-01-27T23:46:46+00:00,2027-01-28T00:16:46+00:00,1800,,7159,7159,7159,,Minimum 30-minute site visit; shop opening hours are not enforced.,,,
25,drive,Bunnings Umina Beach Warehouse,2027-01-28T11:16:46+11:00,2027-01-28T12:38:03+11:00,Australia/Sydney,Australia/Sydney,2027-01-28T00:16:46+00:00,2027-01-28T01:38:03+00:00,4877.0,86060,7159,7344,7344,3e0fc959e83e1fec9ed4f776,,,,
25,visit,Bunnings Umina Beach Warehouse,2027-01-28T12:38:03+11:00,2027-01-28T13:08:03+11:00,Australia/Sydney,Australia/Sydney,2027-01-28T01:38:03+00:00,2027-01-28T02:08:03+00:00,1800,,7344,7344,7344,,Minimum 30-minute site visit; shop opening hours are not enforced.,,,
25,drive,Bunnings West Gosford Warehouse,2027-01-28T13:08:03+11:00,2027-01-28T13:28:28+11:00,Australia/Sydney,Australia/Sydney,2027-01-28T02:08:03+00:00,2027-01-28T02:28:28+00:00,1225.0,13698,7344,7321,7321,36857a0bd8a009b2e31ed5c8,,,,
25,visit,Bunnings West Gosford Warehouse,2027-01-28T13:28:28+11:00,2027-01-28T13:58:28+11:00,Australia/Sydney,Australia/Sydney,2027-01-28T02:28:28+00:00,2027-01-28T02:58:28+00:00,1800,,7321,7321,7321,,Minimum 30-minute site visit; shop opening hours are not enforced.,,,
25,drive,Bunnings Erina North Warehouse,2027-01-28T13:58:28+11:00,2027-01-28T14:08:35+11:00,Australia/Sydney,Australia/Sydney,2027-01-28T02:58:28+00:00,2027-01-28T03:08:35+00:00,607.0,6430,7321,7118,7118,4a6614a1c4576570610f767b,,,,
25,visit,Bunnings Erina North Warehouse,2027-01-28T14:08:35+11:00,2027-01-28T14:38:35+11:00,Australia/Sydney,Australia/Sydney,2027-01-28T03:08:35+00:00,2027-01-28T03:38:35+00:00,1800,,7118,7118,7118,,Minimum 30-minute site visit; shop opening hours are not enforced.,,,
25,drive,Bunnings Tuggerah Trade Centre,2027-01-28T14:38:35+11:00,2027-01-28T15:04:56+11:00,Australia/Sydney,Australia/Sydney,2027-01-28T03:38:35+00:00,2027-01-28T04:04:56+00:00,1581.0,20899,7118,7320,7320,b56545c18cf3ff060d56ff34,,,,
25,visit,Bunnings Tuggerah Trade Centre,2027-01-28T15:04:56+11:00,2027-01-28T15:34:56+11:00,Australia/Sydney,Australia/Sydney,2027-01-28T04:04:56+00:00,2027-01-28T04:34:56+00:00,1800,,7320,7320,7320,,Minimum 30-minute site visit; shop opening hours are not enforced.,,,
25,drive,Chittaway Motel,2027-01-28T15:34:56+11:00,2027-01-28T15:39:15+11:00,Australia/Sydney,Australia/Sydney,2027-01-28T04:34:56+00:00,2027-01-28T04:39:15+00:00,259.0,2136,7320,ChIJdecrHn3OcmsRTiJNOTZTIrM,ChIJdecrHn3OcmsRTiJNOTZTIrM,d63aa5a0a188a2f40d597a62,,,,
25,overnight,Chittaway Motel,2027-01-28T15:39:15+11:00,2027-01-29T09:00:00+11:00,Australia/Sydney,Australia/Sydney,2027-01-28T04:39:15+00:00,2027-01-28T22:00:00+00:00,62445.0,,ChIJdecrHn3OcmsRTiJNOTZTIrM,ChIJdecrHn3OcmsRTiJNOTZTIrM,ChIJdecrHn3OcmsRTiJNOTZTIrM,,Example accommodation stop; availability is not checked.,,,
26,drive,Bunnings Tuggerah Warehouse,2027-01-29T09:00:00+11:00,2027-01-29T09:05:36+11:00,Australia/Sydney,Australia/Sydney,2027-01-28T22:00:00+00:00,2027-01-28T22:05:36+00:00,336.0,2573,ChIJdecrHn3OcmsRTiJNOTZTIrM,7148,7148,a7b0fc39bad888172550ae37,,,,
26,visit,Bunnings Tuggerah Warehouse,2027-01-29T09:05:36+11:00,2027-01-29T09:35:36+11:00,Australia/Sydney,Australia/Sydney,2027-01-28T22:05:36+00:00,2027-01-28T22:35:36+00:00,1800,,7148,7148,7148,,Minimum 30-minute site visit; shop opening hours are not enforced.,,,
26,drive,Bunnings Warnervale Frame Truss Plant,2027-01-29T09:35:36+11:00,2027-01-29T09:51:00+11:00,Australia/Sydney,Australia/Sydney,2027-01-28T22:35:36+00:00,2027-01-28T22:51:00+00:00,924.0,15133,7148,7190,7190,155c542d7378d9257fe5802a,,,,
26,visit,Bunnings Warnervale Frame Truss Plant,2027-01-29T09:51:00+11:00,2027-01-29T10:21:00+11:00,Australia/Sydney,Australia/Sydney,2027-01-28T22:51:00+00:00,2027-01-28T23:21:00+00:00,1800,,7190,7190,7190,,Minimum 30-minute site visit; shop opening hours are not enforced.,,,
26,drive,Bunnings Lake Haven Warehouse,2027-01-29T10:21:00+11:00,2027-01-29T10:29:51+11:00,Australia/Sydney,Australia/Sydney,2027-01-28T23:21:00+00:00,2027-01-28T23:29:51+00:00,531.0,7617,7190,7363,7363,565f87d620a31a405e242d61,,,,
26,visit,Bunnings Lake Haven Warehouse,2027-01-29T10:29:51+11:00,2027-01-29T10:59:51+11:00,Australia/Sydney,Australia/Sydney,2027-01-28T23:29:51+00:00,2027-01-28T23:59:51+00:00,1800,,7363,7363,7363,,Minimum 30-minute site visit; shop opening hours are not enforced.,,,
26,drive,Bunnings Morisset Warehouse,2027-01-29T10:59:51+11:00,2027-01-29T11:21:17+11:00,Australia/Sydney,Australia/Sydney,2027-01-28T23:59:51+00:00,2027-01-29T00:21:17+00:00,1286.0,24560,7363,7302,7302,3d173d7c80ec35ac105809fd,,,,
26,visit,Bunnings Morisset Warehouse,2027-01-29T11:21:17+11:00,2027-01-29T11:51:17+11:00,Australia/Sydney,Australia/Sydney,2027-01-29T00:21:17+00:00,2027-01-29T00:51:17+00:00,1800,,7302,7302,7302,,Minimum 30-minute site visit; shop opening hours are not enforced.,,,
26,drive,Bunnings Bennetts Green Warehouse,2027-01-29T11:51:17+11:00,2027-01-29T12:32:24+11:00,Australia/Sydney,Australia/Sydney,2027-01-29T00:51:17+00:00,2027-01-29T01:32:24+00:00,2467.0,42026,7302,7380,7380,a8928620fcffe73b61a6fa86,,,,
26,visit,Bunnings Bennetts Green Warehouse,2027-01-29T12:32:24+11:00,2027-01-29T13:02:24+11:00,Australia/Sydney,Australia/Sydney,2027-01-29T01:32:24+00:00,2027-01-29T02:02:24+00:00,1800,,7380,7380,7380,,Minimum 30-minute site visit; shop opening hours are not enforced.,,,
26,drive,Bunnings Kotara Warehouse,2027-01-29T13:02:24+11:00,2027-01-29T13:15:19+11:00,Australia/Sydney,Australia/Sydney,2027-01-29T02:02:24+00:00,2027-01-29T02:15:19+00:00,775.0,9227,7380,7122,7122,f2c0660509be05b6f6129379,,,,
26,visit,Bunnings Kotara Warehouse,2027-01-29T13:15:19+11:00,2027-01-29T13:45:19+11:00,Australia/Sydney,Australia/Sydney,2027-01-29T02:15:19+00:00,2027-01-29T02:45:19+00:00,1800,,7122,7122,7122,,Minimum 30-minute site visit; shop opening hours are not enforced.,,,
26,drive,Bunnings Glendale Warehouse,2027-01-29T13:45:19+11:00,2027-01-29T14:01:08+11:00,Australia/Sydney,Australia/Sydney,2027-01-29T02:45:19+00:00,2027-01-29T03:01:08+00:00,949.0,9639,7122,7345,7345,aa674b6b7bba047e78435c47,,,,
26,visit,Bunnings Glendale Warehouse,2027-01-29T14:01:08+11:00,2027-01-29T14:31:08+11:00,Australia/Sydney,Australia/Sydney,2027-01-29T03:01:08+00:00,2027-01-29T03:31:08+00:00,1800,,7345,7345,7345,,Minimum 30-minute site visit; shop opening hours are not enforced.,,,
26,drive,Bunnings Cameron Park Trade Centre,2027-01-29T14:31:08+11:00,2027-01-29T14:46:36+11:00,Australia/Sydney,Australia/Sydney,2027-01-29T03:31:08+00:00,2027-01-29T03:46:36+00:00,928.0,10446,7345,7215,7215,01cf7b52ed570fee75112284,,,,
26,visit,Bunnings Cameron Park Trade Centre,2027-01-29T14:46:36+11:00,2027-01-29T15:16:36+11:00,Australia/Sydney,Australia/Sydney,2027-01-29T03:46:36+00:00,2027-01-29T04:16:36+00:00,1800,,7215,7215,7215,,Minimum 30-minute site visit; shop opening hours are not enforced.,,,
26,drive,Holmesville Hotel,2027-01-29T15:16:36+11:00,2027-01-29T15:24:02+11:00,Australia/Sydney,Australia/Sydney,2027-01-29T04:16:36+00:00,2027-01-29T04:24:02+00:00,446.0,4937,7215,ChIJ7-dDuN47c2sRHQPyy9OZBlU,ChIJ7-dDuN47c2sRHQPyy9OZBlU,0fb375a2fe30f0b3332e6e5c,,,,
26,overnight,Holmesville Hotel,2027-01-29T15:24:02+11:00,2027-01-30T09:00:00+11:00,Australia/Sydney,Australia/Sydney,2027-01-29T04:24:02+00:00,2027-01-29T22:00:00+00:00,63358.0,,ChIJ7-dDuN47c2sRHQPyy9OZBlU,ChIJ7-dDuN47c2sRHQPyy9OZBlU,ChIJ7-dDuN47c2sRHQPyy9OZBlU,,Example accommodation stop; availability is not checked.,,,
27,drive,Bunnings Wallsend Warehouse,2027-01-30T09:00:00+11:00,2027-01-30T09:16:57+11:00,Australia/Sydney,Australia/Sydney,2027-01-29T22:00:00+00:00,2027-01-29T22:16:57+00:00,1017.0,12823,ChIJ7-dDuN47c2sRHQPyy9OZBlU,7323,7323,235ba972cb40b76b8269cfaf,,,,
27,visit,Bunnings Wallsend Warehouse,2027-01-30T09:16:57+11:00,2027-01-30T09:46:57+11:00,Australia/Sydney,Australia/Sydney,2027-01-29T22:16:57+00:00,2027-01-29T22:46:57+00:00,1800,,7323,7323,7323,,Minimum 30-minute site visit; shop opening hours are not enforced.,,,
27,drive,Bunnings Port Stephens Warehouse,2027-01-30T09:46:57+11:00,2027-01-30T10:33:46+11:00,Australia/Sydney,Australia/Sydney,2027-01-29T22:46:57+00:00,2027-01-29T23:33:46+00:00,2809.0,50039,7323,7309,7309,5342b9724ee1caf69cae3d84,,,,
27,visit,Bunnings Port Stephens Warehouse,2027-01-30T10:33:46+11:00,2027-01-30T11:03:46+11:00,Australia/Sydney,Australia/Sydney,2027-01-29T23:33:46+00:00,2027-01-30T00:03:46+00:00,1800,,7309,7309,7309,,Minimum 30-minute site visit; shop opening hours are not enforced.,,,
27,drive,Bunnings Heatherbrae Warehouse,2027-01-30T11:03:46+11:00,2027-01-30T11:39:10+11:00,Australia/Sydney,Australia/Sydney,2027-01-30T00:03:46+00:00,2027-01-30T00:39:10+00:00,2124.0,40293,7309,7385,7385,3eb771d8b408c86a044ac902,,,,
27,visit,Bunnings Heatherbrae Warehouse,2027-01-30T11:39:10+11:00,2027-01-30T12:09:10+11:00,Australia/Sydney,Australia/Sydney,2027-01-30T00:39:10+00:00,2027-01-30T01:09:10+00:00,1800,,7385,7385,7385,,Minimum 30-minute site visit; shop opening hours are not enforced.,,,
27,drive,Bunnings Maitland Warehouse,2027-01-30T12:09:10+11:00,2027-01-30T12:38:20+11:00,Australia/Sydney,Australia/Sydney,2027-01-30T01:09:10+00:00,2027-01-30T01:38:20+00:00,1750.0,25181,7385,7088,7088,0d1513214f316ee8c534b686,,,,
27,visit,Bunnings Maitland Warehouse,2027-01-30T12:38:20+11:00,2027-01-30T13:08:20+11:00,Australia/Sydney,Australia/Sydney,2027-01-30T01:38:20+00:00,2027-01-30T02:08:20+00:00,1800,,7088,7088,7088,,Minimum 30-minute site visit; shop opening hours are not enforced.,,,
27,drive,Bunnings Singleton Warehouse,2027-01-30T13:08:20+11:00,2027-01-30T13:53:37+11:00,Australia/Sydney,Australia/Sydney,2027-01-30T02:08:20+00:00,2027-01-30T02:53:37+00:00,2717.0,48666,7088,7335,7335,0a7a7c0b9998a911dbb8ab0b,,,,
27,visit,Bunnings Singleton Warehouse,2027-01-30T13:53:37+11:00,2027-01-30T14:23:37+11:00,Australia/Sydney,Australia/Sydney,2027-01-30T02:53:37+00:00,2027-01-30T03:23:37+00:00,1800,,7335,7335,7335,,Minimum 30-minute site visit; shop opening hours are not enforced.,,,
27,drive,Bunnings Cessnock Warehouse,2027-01-30T14:23:37+11:00,2027-01-30T15:09:24+11:00,Australia/Sydney,Australia/Sydney,2027-01-30T03:23:37+00:00,2027-01-30T04:09:24+00:00,2747.0,46742,7335,7332,7332,bcc837d1591a30a0d0beadf5,,,,
27,visit,Bunnings Cessnock Warehouse,2027-01-30T15:09:24+11:00,2027-01-30T15:39:24+11:00,Australia/Sydney,Australia/Sydney,2027-01-30T04:09:24+00:00,2027-01-30T04:39:24+00:00,1800,,7332,7332,7332,,Minimum 30-minute site visit; shop opening hours are not enforced.,,,
27,drive,Cumberland Motor Inn,2027-01-30T15:39:24+11:00,2027-01-30T15:41:16+11:00,Australia/Sydney,Australia/Sydney,2027-01-30T04:39:24+00:00,2027-01-30T04:41:16+00:00,112.0,624,7332,ChIJzd4LhJM0c2sRzuX3IivDPCc,ChIJzd4LhJM0c2sRzuX3IivDPCc,0cd8f2ced4551cd5c21bb14c,,,,
27,overnight,Cumberland Motor Inn,2027-01-30T15:41:16+11:00,2027-01-31T09:00:00+11:00,Australia/Sydney,Australia/Sydney,2027-01-30T04:41:16+00:00,2027-01-30T22:00:00+00:00,62324.0,,ChIJzd4LhJM0c2sRzuX3IivDPCc,ChIJzd4LhJM0c2sRzuX3IivDPCc,ChIJzd4LhJM0c2sRzuX3IivDPCc,,Example accommodation stop; availability is not checked.,,,
28,drive,Bunnings McGraths Hill Warehouse,2027-01-31T09:00:00+11:00,2027-01-31T10:58:16+11:00,Australia/Sydney,Australia/Sydney,2027-01-30T22:00:00+00:00,2027-01-30T23:58:16+00:00,7096.0,164155,ChIJzd4LhJM0c2sRzuX3IivDPCc,7096,7096,783ed09bfa047afa872b84eb,,,,
28,visit,Bunnings McGraths Hill Warehouse,2027-01-31T10:58:16+11:00,2027-01-31T11:28:16+11:00,Australia/Sydney,Australia/Sydney,2027-01-30T23:58:16+00:00,2027-01-31T00:28:16+00:00,1800,,7096,7096,7096,,Minimum 30-minute site visit; shop opening hours are not enforced.,,,
28,drive,Bunnings Rouse Hill Warehouse,2027-01-31T11:28:16+11:00,2027-01-31T11:41:27+11:00,Australia/Sydney,Australia/Sydney,2027-01-31T00:28:16+00:00,2027-01-31T00:41:27+00:00,791.0,9214,7096,7310,7310,b8e63d2a8aae077c52599f8b,,,,
28,visit,Bunnings Rouse Hill Warehouse,2027-01-31T11:41:27+11:00,2027-01-31T12:11:27+11:00,Australia/Sydney,Australia/Sydney,2027-01-31T00:41:27+00:00,2027-01-31T01:11:27+00:00,1800,,7310,7310,7310,,Minimum 30-minute site visit; shop opening hours are not enforced.,,,
28,drive,Bunnings Marsden Park Warehouse,2027-01-31T12:11:27+11:00,2027-01-31T12:30:27+11:00,Australia/Sydney,Australia/Sydney,2027-01-31T01:11:27+00:00,2027-01-31T01:30:27+00:00,1140.0,11720,7310,7318,7318,ed31298a3652c06e68da425c,,,,
28,visit,Bunnings Marsden Park Warehouse,2027-01-31T12:30:27+11:00,2027-01-31T13:00:27+11:00,Australia/Sydney,Australia/Sydney,2027-01-31T01:30:27+00:00,2027-01-31T02:00:27+00:00,1800,,7318,7318,7318,,Minimum 30-minute site visit; shop opening hours are not enforced.,,,
28,drive,Bunnings Minchinbury Warehouse,2027-01-31T13:00:27+11:00,2027-01-31T13:18:50+11:00,Australia/Sydney,Australia/Sydney,2027-01-31T02:00:27+00:00,2027-01-31T02:18:50+00:00,1103.0,13830,7318,7016,7016,ff3a78e7c61b97663c0716e1,,,,
28,visit,Bunnings Minchinbury Warehouse,2027-01-31T13:18:50+11:00,2027-01-31T13:48:50+11:00,Australia/Sydney,Australia/Sydney,2027-01-31T02:18:50+00:00,2027-01-31T02:48:50+00:00,1800,,7016,7016,7016,,Minimum 30-minute site visit; shop opening hours are not enforced.,,,
28,drive,Bunnings North Penrith Warehouse,2027-01-31T13:48:50+11:00,2027-01-31T14:09:29+11:00,Australia/Sydney,Australia/Sydney,2027-01-31T02:48:50+00:00,2027-01-31T03:09:29+00:00,1239.0,12560,7016,7063,7063,ae074e3abfa91f32ac21f9de,,,,
28,visit,Bunnings North Penrith Warehouse,2027-01-31T14:09:29+11:00,2027-01-31T14:39:29+11:00,Australia/Sydney,Australia/Sydney,2027-01-31T03:09:29+00:00,2027-01-31T03:39:29+00:00,1800,,7063,7063,7063,,Minimum 30-minute site visit; shop opening hours are not enforced.,,,
28,drive,Bunnings Penrith Warehouse,2027-01-31T14:39:29+11:00,2027-01-31T14:49:43+11:00,Australia/Sydney,Australia/Sydney,2027-01-31T03:39:29+00:00,2027-01-31T03:49:43+00:00,614.0,4428,7063,7151,7151,806e403f3cb4dc87a89eec19,,,,
28,visit,Bunnings Penrith Warehouse,2027-01-31T14:49:43+11:00,2027-01-31T15:19:43+11:00,Australia/Sydney,Australia/Sydney,2027-01-31T03:49:43+00:00,2027-01-31T04:19:43+00:00,1800,,7151,7151,7151,,Minimum 30-minute site visit; shop opening hours are not enforced.,,,
28,drive,Quality Inn Penrith,2027-01-31T15:19:43+11:00,2027-01-31T15:23:44+11:00,Australia/Sydney,Australia/Sydney,2027-01-31T04:19:43+00:00,2027-01-31T04:23:44+00:00,241.0,1033,7151,ChIJAzerKbWIEmsRPLzkvZ6jaGU,ChIJAzerKbWIEmsRPLzkvZ6jaGU,164d5c22d3563e09ff3e6646,,,,
28,overnight,Quality Inn Penrith,2027-01-31T15:23:44+11:00,2027-02-01T09:00:00+11:00,Australia/Sydney,Australia/Sydney,2027-01-31T04:23:44+00:00,2027-01-31T22:00:00+00:00,63376.0,,ChIJAzerKbWIEmsRPLzkvZ6jaGU,ChIJAzerKbWIEmsRPLzkvZ6jaGU,ChIJAzerKbWIEmsRPLzkvZ6jaGU,,Example accommodation stop; availability is not checked.,,,
29,drive,Bunnings Valley Heights Warehouse,2027-02-01T09:00:00+11:00,2027-02-01T09:17:40+11:00,Australia/Sydney,Australia/Sydney,2027-01-31T22:00:00+00:00,2027-01-31T22:17:40+00:00,1060.0,16940,ChIJAzerKbWIEmsRPLzkvZ6jaGU,7161,7161,0f1edd2618ce62e266c7d010,,,,
29,visit,Bunnings Valley Heights Warehouse,2027-02-01T09:17:40+11:00,2027-02-01T09:47:40+11:00,Australia/Sydney,Australia/Sydney,2027-01-31T22:17:40+00:00,2027-01-31T22:47:40+00:00,1800,,7161,7161,7161,,Minimum 30-minute site visit; shop opening hours are not enforced.,,,
29,drive,Bunnings Katoomba Warehouse,2027-02-01T09:47:40+11:00,2027-02-01T10:19:20+11:00,Australia/Sydney,Australia/Sydney,2027-01-31T22:47:40+00:00,2027-01-31T23:19:20+00:00,1900.0,30825,7161,7361,7361,a12755b689b43875f2ca313f,,,,
29,visit,Bunnings Katoomba Warehouse,2027-02-01T10:19:20+11:00,2027-02-01T10:49:20+11:00,Australia/Sydney,Australia/Sydney,2027-01-31T23:19:20+00:00,2027-01-31T23:49:20+00:00,1800,,7361,7361,7361,,Minimum 30-minute site visit; shop opening hours are not enforced.,,,
29,drive,Bunnings Lithgow Warehouse,2027-02-01T10:49:20+11:00,2027-02-01T11:41:57+11:00,Australia/Sydney,Australia/Sydney,2027-01-31T23:49:20+00:00,2027-02-01T00:41:57+00:00,3157.0,46660,7361,7329,7329,eacd254b17f7b03b247084dc,,,,
29,visit,Bunnings Lithgow Warehouse,2027-02-01T11:41:57+11:00,2027-02-01T12:11:57+11:00,Australia/Sydney,Australia/Sydney,2027-02-01T00:41:57+00:00,2027-02-01T01:11:57+00:00,1800,,7329,7329,7329,,Minimum 30-minute site visit; shop opening hours are not enforced.,,,
29,drive,Bunnings Bathurst Warehouse,2027-02-01T12:11:57+11:00,2027-02-01T12:53:19+11:00,Australia/Sydney,Australia/Sydney,2027-02-01T01:11:57+00:00,2027-02-01T01:53:19+00:00,2482.0,58409,7329,7076,7076,3a3a8737e0b72dd8b5447128,,,,
29,visit,Bunnings Bathurst Warehouse,2027-02-01T12:53:19+11:00,2027-02-01T13:23:19+11:00,Australia/Sydney,Australia/Sydney,2027-02-01T01:53:19+00:00,2027-02-01T02:23:19+00:00,1800,,7076,7076,7076,,Minimum 30-minute site visit; shop opening hours are not enforced.,,,
29,drive,Bunnings Orange Warehouse,2027-02-01T13:23:19+11:00,2027-02-01T14:10:46+11:00,Australia/Sydney,Australia/Sydney,2027-02-01T02:23:19+00:00,2027-02-01T03:10:46+00:00,2847.0,59090,7076,7347,7347,0f751e8292d8530d9cf5d42f,,,,
29,visit,Bunnings Orange Warehouse,2027-02-01T14:10:46+11:00,2027-02-01T14:40:46+11:00,Australia/Sydney,Australia/Sydney,2027-02-01T03:10:46+00:00,2027-02-01T03:40:46+00:00,1800,,7347,7347,7347,,Minimum 30-minute site visit; shop opening hours are not enforced.,,,
29,drive,Blue Jacket Motel Canowindra,2027-02-01T14:40:46+11:00,2027-02-01T15:32:37+11:00,Australia/Sydney,Australia/Sydney,2027-02-01T03:40:46+00:00,2027-02-01T04:32:37+00:00,3111.0,64085,7347,ChIJPyalJHZnEGsRyAdgdugY5iU,ChIJPyalJHZnEGsRyAdgdugY5iU,2f3fcff32af103721dcb94c4,,,,
29,overnight,Blue Jacket Motel Canowindra,2027-02-01T15:32:37+11:00,2027-02-02T09:00:00+11:00,Australia/Sydney,Australia/Sydney,2027-02-01T04:32:37+00:00,2027-02-01T22:00:00+00:00,62843.0,,ChIJPyalJHZnEGsRyAdgdugY5iU,ChIJPyalJHZnEGsRyAdgdugY5iU,ChIJPyalJHZnEGsRyAdgdugY5iU,,Example accommodation stop; availability is not checked.,,,
30,drive,Bunnings Cowra Warehouse,2027-02-02T09:00:00+11:00,2027-02-02T09:21:21+11:00,Australia/Sydney,Australia/Sydney,2027-02-01T22:00:00+00:00,2027-02-01T22:21:21+00:00,1281.0,29952,ChIJPyalJHZnEGsRyAdgdugY5iU,7325,7325,50c7c050ef8ad9abac7c38e5,,,,
30,visit,Bunnings Cowra Warehouse,2027-02-02T09:21:21+11:00,2027-02-02T09:51:21+11:00,Australia/Sydney,Australia/Sydney,2027-02-01T22:21:21+00:00,2027-02-01T22:51:21+00:00,1800,,7325,7325,7325,,Minimum 30-minute site visit; shop opening hours are not enforced.,,,
30,drive,Bunnings Forbes Warehouse,2027-02-02T09:51:21+11:00,2027-02-02T10:57:14+11:00,Australia/Sydney,Australia/Sydney,2027-02-01T22:51:21+00:00,2027-02-01T23:57:14+00:00,3953.0,92896,7325,7341,7341,af61fff2871244f53b42eda9,,,,
30,visit,Bunnings Forbes Warehouse,2027-02-02T10:57:14+11:00,2027-02-02T11:27:14+11:00,Australia/Sydney,Australia/Sydney,2027-02-01T23:57:14+00:00,2027-02-02T00:27:14+00:00,1800,,7341,7341,7341,,Minimum 30-minute site visit; shop opening hours are not enforced.,,,
30,drive,Bunnings Dubbo Warehouse,2027-02-02T11:27:14+11:00,2027-02-02T13:14:51+11:00,Australia/Sydney,Australia/Sydney,2027-02-02T00:27:14+00:00,2027-02-02T02:14:51+00:00,6457.0,154645,7341,7080,7080,dd731161b8bbbb1e6baa707e,,,,
30,visit,Bunnings Dubbo Warehouse,2027-02-02T13:14:51+11:00,2027-02-02T13:44:51+11:00,Australia/Sydney,Australia/Sydney,2027-02-02T02:14:51+00:00,2027-02-02T02:44:51+00:00,1800,,7080,7080,7080,,Minimum 30-minute site visit; shop opening hours are not enforced.,,,
30,drive,The Clairfield Hotel,2027-02-02T13:44:51+11:00,2027-02-02T15:14:37+11:00,Australia/Sydney,Australia/Sydney,2027-02-02T02:44:51+00:00,2027-02-02T04:14:37+00:00,5386.0,127847,7080,ChIJr1xo4FOJDmsR1cLUbpOEzYg,ChIJr1xo4FOJDmsR1cLUbpOEzYg,c8b0155207b5d9143dfcc51d,,,,
30,overnight,The Clairfield Hotel,2027-02-02T15:14:37+11:00,2027-02-03T09:00:00+11:00,Australia/Sydney,Australia/Sydney,2027-02-02T04:14:37+00:00,2027-02-02T22:00:00+00:00,63923.0,,ChIJr1xo4FOJDmsR1cLUbpOEzYg,ChIJr1xo4FOJDmsR1cLUbpOEzYg,ChIJr1xo4FOJDmsR1cLUbpOEzYg,,Example accommodation stop; availability is not checked.,,,
31,drive,Bunnings Mudgee Warehouse,2027-02-03T09:00:00+11:00,2027-02-03T09:02:10+11:00,Australia/Sydney,Australia/Sydney,2027-02-02T22:00:00+00:00,2027-02-02T22:02:10+00:00,130.0,1628,ChIJr1xo4FOJDmsR1cLUbpOEzYg,7091,7091,5d82c948ef3d67a917ab85be,,,,
31,visit,Bunnings Mudgee Warehouse,2027-02-03T09:02:10+11:00,2027-02-03T09:32:10+11:00,Australia/Sydney,Australia/Sydney,2027-02-02T22:02:10+00:00,2027-02-02T22:32:10+00:00,1800,,7091,7091,7091,,Minimum 30-minute site visit; shop opening hours are not enforced.,,,
31,drive,Bunnings Tamworth Warehouse,2027-02-03T09:32:10+11:00,2027-02-03T12:46:38+11:00,Australia/Sydney,Australia/Sydney,2027-02-02T22:32:10+00:00,2027-02-03T01:46:38+00:00,11668.0,276268,7091,7312,7312,eecbcaac0602cbf8d85fbe43,,,,
31,visit,Bunnings Tamworth Warehouse,2027-02-03T12:46:38+11:00,2027-02-03T13:16:38+11:00,Australia/Sydney,Australia/Sydney,2027-02-03T01:46:38+00:00,2027-02-03T02:16:38+00:00,1800,,7312,7312,7312,,Minimum 30-minute site visit; shop opening hours are not enforced.,,,
31,drive,Aaron Inn Motel,2027-02-03T13:16:38+11:00,2027-02-03T15:16:17+11:00,Australia/Sydney,Australia/Sydney,2027-02-03T02:16:38+00:00,2027-02-03T04:16:17+00:00,7179.0,172092,7312,ChIJE1Kk9UI0p2sR_kn3gX6l8so,ChIJE1Kk9UI0p2sR_kn3gX6l8so,4e51638dec1e8423fde02fc0,,,,
31,overnight,Aaron Inn Motel,2027-02-03T15:16:17+11:00,2027-02-04T09:00:00+11:00,Australia/Sydney,Australia/Sydney,2027-02-03T04:16:17+00:00,2027-02-03T22:00:00+00:00,63823.0,,ChIJE1Kk9UI0p2sR_kn3gX6l8so,ChIJE1Kk9UI0p2sR_kn3gX6l8so,ChIJE1Kk9UI0p2sR_kn3gX6l8so,,Example accommodation stop; availability is not checked.,,,
32,drive,Bunnings Narrabri Warehouse,2027-02-04T09:00:00+11:00,2027-02-04T09:02:10+11:00,Australia/Sydney,Australia/Sydney,2027-02-03T22:00:00+00:00,2027-02-03T22:02:10+00:00,130.0,1411,ChIJE1Kk9UI0p2sR_kn3gX6l8so,7395,7395,3226bcc3ed1ca20093b442fa,,,,
32,visit,Bunnings Narrabri Warehouse,2027-02-04T09:02:10+11:00,2027-02-04T09:32:10+11:00,Australia/Sydney,Australia/Sydney,2027-02-03T22:02:10+00:00,2027-02-03T22:32:10+00:00,1800,,7395,7395,7395,,Minimum 30-minute site visit; shop opening hours are not enforced.,,,
32,drive,Bunnings Dalby Warehouse,2027-02-04T09:32:10+11:00,2027-02-04T13:15:40+10:00,Australia/Sydney,Australia/Brisbane,2027-02-03T22:32:10+00:00,2027-02-04T03:15:40+00:00,17010.0,436044,7395,8179,8179,f755a223ec1ba826d3ea94c4,,,,
32,visit,Bunnings Dalby Warehouse,2027-02-04T13:15:40+10:00,2027-02-04T13:45:40+10:00,Australia/Brisbane,Australia/Brisbane,2027-02-04T03:15:40+00:00,2027-02-04T03:45:40+00:00,1800,,8179,8179,8179,,Minimum 30-minute site visit; shop opening hours are not enforced.,,,
32,drive,Bunnings Kingaroy Warehouse,2027-02-04T13:45:40+10:00,2027-02-04T15:04:43+10:00,Australia/Brisbane,Australia/Brisbane,2027-02-04T03:45:40+00:00,2027-02-04T05:04:43+00:00,4743.0,111530,8179,8205,8205,85cbf457c98472302a6b9206,,,,
32,visit,Bunnings Kingaroy Warehouse,2027-02-04T15:04:43+10:00,2027-02-04T15:34:43+10:00,Australia/Brisbane,Australia/Brisbane,2027-02-04T05:04:43+00:00,2027-02-04T05:34:43+00:00,1800,,8205,8205,8205,,Minimum 30-minute site visit; shop opening hours are not enforced.,,,
32,drive,Kingaroy Holiday Park,2027-02-04T15:34:43+10:00,2027-02-04T15:36:14+10:00,Australia/Brisbane,Australia/Brisbane,2027-02-04T05:34:43+00:00,2027-02-04T05:36:14+00:00,91.0,375,8205,ChIJ4Q13IFOklWsRCIqMOOOHB-E,ChIJ4Q13IFOklWsRCIqMOOOHB-E,313d42ffa86710fca14039ed,,,,
32,overnight,Kingaroy Holiday Park,2027-02-04T15:36:14+10:00,2027-02-05T09:00:00+10:00,Australia/Brisbane,Australia/Brisbane,2027-02-04T05:36:14+00:00,2027-02-04T23:00:00+00:00,62626.0,,ChIJ4Q13IFOklWsRCIqMOOOHB-E,ChIJ4Q13IFOklWsRCIqMOOOHB-E,ChIJ4Q13IFOklWsRCIqMOOOHB-E,,Example accommodation stop; availability is not checked.,,,
33,drive,Bunnings Toowoomba West Warehouse,2027-02-05T09:00:00+10:00,2027-02-05T10:52:51+10:00,Australia/Brisbane,Australia/Brisbane,2027-02-04T23:00:00+00:00,2027-02-05T00:52:51+00:00,6771.0,153215,ChIJ4Q13IFOklWsRCIqMOOOHB-E,8017,8017,d3decc79136ea4192da46c0b,,,,
33,visit,Bunnings Toowoomba West Warehouse,2027-02-05T10:52:51+10:00,2027-02-05T11:22:51+10:00,Australia/Brisbane,Australia/Brisbane,2027-02-05T00:52:51+00:00,2027-02-05T01:22:51+00:00,1800,,8017,8017,8017,,Minimum 30-minute site visit; shop opening hours are not enforced.,,,
33,drive,Bunnings Toowoomba North Warehouse,2027-02-05T11:22:51+10:00,2027-02-05T11:36:18+10:00,Australia/Brisbane,Australia/Brisbane,2027-02-05T01:22:51+00:00,2027-02-05T01:36:18+00:00,807.0,6385,8017,8195,8195,d742e97cb48849192b43946c,,,,
33,visit,Bunnings Toowoomba North Warehouse,2027-02-05T11:36:18+10:00,2027-02-05T12:06:18+10:00,Australia/Brisbane,Australia/Brisbane,2027-02-05T01:36:18+00:00,2027-02-05T02:06:18+00:00,1800,,8195,8195,8195,,Minimum 30-minute site visit; shop opening hours are not enforced.,,,
33,drive,Bunnings Plainland Warehouse,2027-02-05T12:06:18+10:00,2027-02-05T12:45:24+10:00,Australia/Brisbane,Australia/Brisbane,2027-02-05T02:06:18+00:00,2027-02-05T02:45:24+00:00,2346.0,51301,8195,8219,8219,42c591f74b2140aca2fcf526,,,,
33,visit,Bunnings Plainland Warehouse,2027-02-05T12:45:24+10:00,2027-02-05T13:15:24+10:00,Australia/Brisbane,Australia/Brisbane,2027-02-05T02:45:24+00:00,2027-02-05T03:15:24+00:00,1800,,8219,8219,8219,,Minimum 30-minute site visit; shop opening hours are not enforced.,,,
33,drive,Bunnings West Ipswich Warehouse,2027-02-05T13:15:24+10:00,2027-02-05T13:47:02+10:00,Australia/Brisbane,Australia/Brisbane,2027-02-05T03:15:24+00:00,2027-02-05T03:47:02+00:00,1898.0,38609,8219,8159,8159,838c09eeb1aaaa4569e32905,,,,
33,visit,Bunnings West Ipswich Warehouse,2027-02-05T13:47:02+10:00,2027-02-05T14:17:02+10:00,Australia/Brisbane,Australia/Brisbane,2027-02-05T03:47:02+00:00,2027-02-05T04:17:02+00:00,1800,,8159,8159,8159,,Minimum 30-minute site visit; shop opening hours are not enforced.,,,
33,drive,Country Rose Motel,2027-02-05T14:17:02+10:00,2027-02-05T15:50:41+10:00,Australia/Brisbane,Australia/Brisbane,2027-02-05T04:17:02+00:00,2027-02-05T05:50:41+00:00,5619.0,117250,8159,ChIJSwxONYifl2sR7AmkkIOsMWw,ChIJSwxONYifl2sR7AmkkIOsMWw,104999afba967b565ffc58ef,,,,
33,overnight,Country Rose Motel,2027-02-05T15:50:41+10:00,2027-02-06T09:00:00+10:00,Australia/Brisbane,Australia/Brisbane,2027-02-05T05:50:41+00:00,2027-02-05T23:00:00+00:00,61759.0,,ChIJSwxONYifl2sR7AmkkIOsMWw,ChIJSwxONYifl2sR7AmkkIOsMWw,ChIJSwxONYifl2sR7AmkkIOsMWw,,Example accommodation stop; availability is not checked.,,,
34,drive,Bunnings Warwick Warehouse,2027-02-06T09:00:00+10:00,2027-02-06T09:03:57+10:00,Australia/Brisbane,Australia/Brisbane,2027-02-05T23:00:00+00:00,2027-02-05T23:03:57+00:00,237.0,1659,ChIJSwxONYifl2sR7AmkkIOsMWw,8157,8157,f81af3051e6dd04f0d0fda27,,,,
34,visit,Bunnings Warwick Warehouse,2027-02-06T09:03:57+10:00,2027-02-06T09:33:57+10:00,Australia/Brisbane,Australia/Brisbane,2027-02-05T23:03:57+00:00,2027-02-05T23:33:57+00:00,1800,,8157,8157,8157,,Minimum 30-minute site visit; shop opening hours are not enforced.,,,
34,drive,Bunnings Inverell Warehouse,2027-02-06T09:33:57+10:00,2027-02-06T13:37:50+11:00,Australia/Brisbane,Australia/Sydney,2027-02-05T23:33:57+00:00,2027-02-06T02:37:50+00:00,11033.0,274027,8157,7337,7337,51b30d6a186ab57b7a2931b6,,,,
34,visit,Bunnings Inverell Warehouse,2027-02-06T13:37:50+11:00,2027-02-06T14:07:50+11:00,Australia/Sydney,Australia/Sydney,2027-02-06T02:37:50+00:00,2027-02-06T03:07:50+00:00,1800,,7337,7337,7337,,Minimum 30-minute site visit; shop opening hours are not enforced.,,,
34,drive,Westwood Motor Inn,2027-02-06T14:07:50+11:00,2027-02-06T15:37:43+11:00,Australia/Sydney,Australia/Sydney,2027-02-06T03:07:50+00:00,2027-02-06T04:37:43+00:00,5393.0,126116,7337,ChIJH6HKLe-fn2sRH-CA907j83A,ChIJH6HKLe-fn2sRH-CA907j83A,fee40c91c745824b7ebca1d7,,,,
34,overnight,Westwood Motor Inn,2027-02-06T15:37:43+11:00,2027-02-07T09:00:00+11:00,Australia/Sydney,Australia/Sydney,2027-02-06T04:37:43+00:00,2027-02-06T22:00:00+00:00,62537.0,,ChIJH6HKLe-fn2sRH-CA907j83A,ChIJH6HKLe-fn2sRH-CA907j83A,ChIJH6HKLe-fn2sRH-CA907j83A,,Example accommodation stop; availability is not checked.,,,
35,drive,Bunnings Armidale Warehouse,2027-02-07T09:00:00+11:00,2027-02-07T09:02:10+11:00,Australia/Sydney,Australia/Sydney,2027-02-06T22:00:00+00:00,2027-02-06T22:02:10+00:00,130.0,1376,ChIJH6HKLe-fn2sRH-CA907j83A,7303,7303,5a9eee66a6ef05490a311d3b,,,,
35,visit,Bunnings Armidale Warehouse,2027-02-07T09:02:10+11:00,2027-02-07T09:32:10+11:00,Australia/Sydney,Australia/Sydney,2027-02-06T22:02:10+00:00,2027-02-06T22:32:10+00:00,1800,,7303,7303,7303,,Minimum 30-minute site visit; shop opening hours are not enforced.,,,
35,drive,Bunnings Taree Warehouse,2027-02-07T09:32:10+11:00,2027-02-07T13:09:53+11:00,Australia/Sydney,Australia/Sydney,2027-02-06T22:32:10+00:00,2027-02-07T02:09:53+00:00,13063.0,290235,7303,7094,7094,e34edf360054d882e30acfc2,,,,
35,visit,Bunnings Taree Warehouse,2027-02-07T13:09:53+11:00,2027-02-07T13:39:53+11:00,Australia/Sydney,Australia/Sydney,2027-02-07T02:09:53+00:00,2027-02-07T02:39:53+00:00,1800,,7094,7094,7094,,Minimum 30-minute site visit; shop opening hours are not enforced.,,,
35,drive,Bunnings Forster Warehouse,2027-02-07T13:39:53+11:00,2027-02-07T14:20:47+11:00,Australia/Sydney,Australia/Sydney,2027-02-07T02:39:53+00:00,2027-02-07T03:20:47+00:00,2454.0,40572,7094,7200,7200,5adc5022fd9f64b67a3cf99a,,,,
35,visit,Bunnings Forster Warehouse,2027-02-07T14:20:47+11:00,2027-02-07T14:50:47+11:00,Australia/Sydney,Australia/Sydney,2027-02-07T03:20:47+00:00,2027-02-07T03:50:47+00:00,1800,,7200,7200,7200,,Minimum 30-minute site visit; shop opening hours are not enforced.,,,
35,drive,ROYAL HOTEL,2027-02-07T14:50:47+11:00,2027-02-07T15:50:58+11:00,Australia/Sydney,Australia/Sydney,2027-02-07T03:50:47+00:00,2027-02-07T04:50:58+00:00,3611.0,81193,7200,ChIJpwh-wIbkdWsRWIsNHwbQ_Cs,ChIJpwh-wIbkdWsRWIsNHwbQ_Cs,5b2738631ed3c852b4dc70a7,,,,
35,overnight,ROYAL HOTEL,2027-02-07T15:50:58+11:00,2027-02-08T09:00:00+11:00,Australia/Sydney,Australia/Sydney,2027-02-07T04:50:58+00:00,2027-02-07T22:00:00+00:00,61742.0,,ChIJpwh-wIbkdWsRWIsNHwbQ_Cs,ChIJpwh-wIbkdWsRWIsNHwbQ_Cs,ChIJpwh-wIbkdWsRWIsNHwbQ_Cs,,Example accommodation stop; availability is not checked.,,,
36,drive,Bunnings Port Macquarie Warehouse,2027-02-08T09:00:00+11:00,2027-02-08T09:18:54+11:00,Australia/Sydney,Australia/Sydney,2027-02-07T22:00:00+00:00,2027-02-07T22:18:54+00:00,1134.0,28555,ChIJpwh-wIbkdWsRWIsNHwbQ_Cs,7348,7348,37c51cbb778c5ac06a40eab3,,,,
36,visit,Bunnings Port Macquarie Warehouse,2027-02-08T09:18:54+11:00,2027-02-08T09:48:54+11:00,Australia/Sydney,Australia/Sydney,2027-02-07T22:18:54+00:00,2027-02-07T22:48:54+00:00,1800,,7348,7348,7348,,Minimum 30-minute site visit; shop opening hours are not enforced.,,,
36,drive,Bunnings Kempsey Warehouse,2027-02-08T09:48:54+11:00,2027-02-08T10:19:51+11:00,Australia/Sydney,Australia/Sydney,2027-02-07T22:48:54+00:00,2027-02-07T23:19:51+00:00,1857.0,47456,7348,7354,7354,1037de00aa2cbc02cbb0ec5c,,,,
36,visit,Bunnings Kempsey Warehouse,2027-02-08T10:19:51+11:00,2027-02-08T10:49:51+11:00,Australia/Sydney,Australia/Sydney,2027-02-07T23:19:51+00:00,2027-02-07T23:49:51+00:00,1800,,7354,7354,7354,,Minimum 30-minute site visit; shop opening hours are not enforced.,,,
36,drive,Bunnings Coffs Harbour Warehouse,2027-02-08T10:49:51+11:00,2027-02-08T11:59:14+11:00,Australia/Sydney,Australia/Sydney,2027-02-07T23:49:51+00:00,2027-02-08T00:59:14+00:00,4163.0,110642,7354,7343,7343,b2443735f3dd73d5d0622d09,,,,
36,visit,Bunnings Coffs Harbour Warehouse,2027-02-08T11:59:14+11:00,2027-02-08T12:29:14+11:00,Australia/Sydney,Australia/Sydney,2027-02-08T00:59:14+00:00,2027-02-08T01:29:14+00:00,1800,,7343,7343,7343,,Minimum 30-minute site visit; shop opening hours are not enforced.,,,
36,drive,Bunnings Coffs Harbour Trade Centre,2027-02-08T12:29:14+11:00,2027-02-08T12:33:29+11:00,Australia/Sydney,Australia/Sydney,2027-02-08T01:29:14+00:00,2027-02-08T01:33:29+00:00,255.0,1570,7343,7078,7078,51bd363ed5a5e5033dac96ce,,,,
36,visit,Bunnings Coffs Harbour Trade Centre,2027-02-08T12:33:29+11:00,2027-02-08T13:03:29+11:00,Australia/Sydney,Australia/Sydney,2027-02-08T01:33:29+00:00,2027-02-08T02:03:29+00:00,1800,,7078,7078,7078,,Minimum 30-minute site visit; shop opening hours are not enforced.,,,
36,drive,Bunnings Grafton Warehouse,2027-02-08T13:03:29+11:00,2027-02-08T14:05:31+11:00,Australia/Sydney,Australia/Sydney,2027-02-08T02:03:29+00:00,2027-02-08T03:05:31+00:00,3722.0,84481,7078,7092,7092,49d64ab247cc72dacfdc681c,,,,
36,visit,Bunnings Grafton Warehouse,2027-02-08T14:05:31+11:00,2027-02-08T14:35:31+11:00,Australia/Sydney,Australia/Sydney,2027-02-08T03:05:31+00:00,2027-02-08T03:35:31+00:00,1800,,7092,7092,7092,,Minimum 30-minute site visit; shop opening hours are not enforced.,,,
36,drive,RodnReel Hotel,2027-02-08T14:35:31+11:00,2027-02-08T15:39:08+11:00,Australia/Sydney,Australia/Sydney,2027-02-08T03:35:31+00:00,2027-02-08T04:39:08+00:00,3817.0,94425,7092,ChIJI6mNNd9ummsRVOAbCopfgMk,ChIJI6mNNd9ummsRVOAbCopfgMk,f1b78ade0706f7ade4b2f1aa,,,,
36,overnight,RodnReel Hotel,2027-02-08T15:39:08+11:00,2027-02-09T09:00:00+11:00,Australia/Sydney,Australia/Sydney,2027-02-08T04:39:08+00:00,2027-02-08T22:00:00+00:00,62452.0,,ChIJI6mNNd9ummsRVOAbCopfgMk,ChIJI6mNNd9ummsRVOAbCopfgMk,ChIJI6mNNd9ummsRVOAbCopfgMk,,Example accommodation stop; availability is not checked.,,,
37,drive,Bunnings Lismore Warehouse,2027-02-09T09:00:00+11:00,2027-02-09T09:28:37+11:00,Australia/Sydney,Australia/Sydney,2027-02-08T22:00:00+00:00,2027-02-08T22:28:37+00:00,1717.0,35739,ChIJI6mNNd9ummsRVOAbCopfgMk,8139,8139,33be79be907b603682a47c40,,,,
37,visit,Bunnings Lismore Warehouse,2027-02-09T09:28:37+11:00,2027-02-09T09:58:37+11:00,Australia/Sydney,Australia/Sydney,2027-02-08T22:28:37+00:00,2027-02-08T22:58:37+00:00,1800,,8139,8139,8139,,Minimum 30-minute site visit; shop opening hours are not enforced.,,,
37,drive,Bunnings Ballina Warehouse,2027-02-09T09:58:37+11:00,2027-02-09T10:30:46+11:00,Australia/Sydney,Australia/Sydney,2027-02-08T22:58:37+00:00,2027-02-08T23:30:46+00:00,1929.0,31799,8139,8153,8153,4b5822090dccfda0017a20ca,,,,
37,visit,Bunnings Ballina Warehouse,2027-02-09T10:30:46+11:00,2027-02-09T11:00:46+11:00,Australia/Sydney,Australia/Sydney,2027-02-08T23:30:46+00:00,2027-02-09T00:00:46+00:00,1800,,8153,8153,8153,,Minimum 30-minute site visit; shop opening hours are not enforced.,,,
37,drive,Bunnings Byron Bay Warehouse,2027-02-09T11:00:46+11:00,2027-02-09T11:24:47+11:00,Australia/Sydney,Australia/Sydney,2027-02-09T00:00:46+00:00,2027-02-09T00:24:47+00:00,1441.0,31791,8153,8170,8170,92ba2cb0072753a66d561826,,,,
37,visit,Bunnings Byron Bay Warehouse,2027-02-09T11:24:47+11:00,2027-02-09T11:54:47+11:00,Australia/Sydney,Australia/Sydney,2027-02-09T00:24:47+00:00,2027-02-09T00:54:47+00:00,1800,,8170,8170,8170,,Minimum 30-minute site visit; shop opening hours are not enforced.,,,
37,drive,Bunnings Tweed Heads Warehouse,2027-02-09T11:54:47+11:00,2027-02-09T12:35:19+11:00,Australia/Sydney,Australia/Sydney,2027-02-09T00:54:47+00:00,2027-02-09T01:35:19+00:00,2432.0,59519,8170,8129,8129,a55ceb103f36cbcf64258669,,,,
37,visit,Bunnings Tweed Heads Warehouse,2027-02-09T12:35:19+11:00,2027-02-09T13:05:19+11:00,Australia/Sydney,Australia/Sydney,2027-02-09T01:35:19+00:00,2027-02-09T02:05:19+00:00,1800,,8129,8129,8129,,Minimum 30-minute site visit; shop opening hours are not enforced.,,,
37,drive,Bunnings Burleigh Waters Warehouse,2027-02-09T13:05:19+11:00,2027-02-09T12:27:08+10:00,Australia/Sydney,Australia/Brisbane,2027-02-09T02:05:19+00:00,2027-02-09T02:27:08+00:00,1309.0,22861,8129,8172,8172,ee3d01170b58c8948868152c,,,,
37,visit,Bunnings Burleigh Waters Warehouse,2027-02-09T12:27:08+10:00,2027-02-09T12:57:08+10:00,Australia/Brisbane,Australia/Brisbane,2027-02-09T02:27:08+00:00,2027-02-09T02:57:08+00:00,1800,,8172,8172,8172,,Minimum 30-minute site visit; shop opening hours are not enforced.,,,
37,drive,Bunnings Robina Warehouse,2027-02-09T12:57:08+10:00,2027-02-09T13:07:53+10:00,Australia/Brisbane,Australia/Brisbane,2027-02-09T02:57:08+00:00,2027-02-09T03:07:53+00:00,645.0,5557,8172,8211,8211,7422bda581aed0a2f48c2d01,,,,
37,visit,Bunnings Robina Warehouse,2027-02-09T13:07:53+10:00,2027-02-09T13:37:53+10:00,Australia/Brisbane,Australia/Brisbane,2027-02-09T03:07:53+00:00,2027-02-09T03:37:53+00:00,1800,,8211,8211,8211,,Minimum 30-minute site visit; shop opening hours are not enforced.,,,
37,drive,Bunnings Mermaid Waters Warehouse,2027-02-09T13:37:53+10:00,2027-02-09T13:48:49+10:00,Australia/Brisbane,Australia/Brisbane,2027-02-09T03:37:53+00:00,2027-02-09T03:48:49+00:00,656.0,5776,8211,8204,8204,65ea64527c88c810b1e646e1,,,,
37,visit,Bunnings Mermaid Waters Warehouse,2027-02-09T13:48:49+10:00,2027-02-09T14:18:49+10:00,Australia/Brisbane,Australia/Brisbane,2027-02-09T03:48:49+00:00,2027-02-09T04:18:49+00:00,1800,,8204,8204,8204,,Minimum 30-minute site visit; shop opening hours are not enforced.,,,
37,drive,Bunnings Nerang Warehouse,2027-02-09T14:18:49+10:00,2027-02-09T14:36:25+10:00,Australia/Brisbane,Australia/Brisbane,2027-02-09T04:18:49+00:00,2027-02-09T04:36:25+00:00,1056.0,10856,8204,8140,8140,3e42a38fc0704529a3c2dc1c,,,,
37,visit,Bunnings Nerang Warehouse,2027-02-09T14:36:25+10:00,2027-02-09T15:06:25+10:00,Australia/Brisbane,Australia/Brisbane,2027-02-09T04:36:25+00:00,2027-02-09T05:06:25+00:00,1800,,8140,8140,8140,,Minimum 30-minute site visit; shop opening hours are not enforced.,,,
37,drive,Nightcap at Hinterland Hotel,2027-02-09T15:06:25+10:00,2027-02-09T15:10:15+10:00,Australia/Brisbane,Australia/Brisbane,2027-02-09T05:06:25+00:00,2027-02-09T05:10:15+00:00,230.0,1315,8140,ChIJ6d9_-yMbkWsR_nG225-lMSo,ChIJ6d9_-yMbkWsR_nG225-lMSo,9fe6ffd28e70b67b3612bcb6,,,,
37,overnight,Nightcap at Hinterland Hotel,2027-02-09T15:10:15+10:00,2027-02-10T09:00:00+10:00,Australia/Brisbane,Australia/Brisbane,2027-02-09T05:10:15+00:00,2027-02-09T23:00:00+00:00,64185.0,,ChIJ6d9_-yMbkWsR_nG225-lMSo,ChIJ6d9_-yMbkWsR_nG225-lMSo,ChIJ6d9_-yMbkWsR_nG225-lMSo,,Example accommodation stop; availability is not checked.,,,
38,drive,Bunnings Southport Warehouse,2027-02-10T09:00:00+10:00,2027-02-10T09:12:00+10:00,Australia/Brisbane,Australia/Brisbane,2027-02-09T23:00:00+00:00,2027-02-09T23:12:00+00:00,720.0,6922,ChIJ6d9_-yMbkWsR_nG225-lMSo,8035,8035,c23d71ff88f306143aedc4e9,,,,
38,visit,Bunnings Southport Warehouse,2027-02-10T09:12:00+10:00,2027-02-10T09:42:00+10:00,Australia/Brisbane,Australia/Brisbane,2027-02-09T23:12:00+00:00,2027-02-09T23:42:00+00:00,1800,,8035,8035,8035,,Minimum 30-minute site visit; shop opening hours are not enforced.,,,
38,drive,Bunnings Arundel Warehouse,2027-02-10T09:42:00+10:00,2027-02-10T09:52:51+10:00,Australia/Brisbane,Australia/Brisbane,2027-02-09T23:42:00+00:00,2027-02-09T23:52:51+00:00,651.0,5961,8035,8158,8158,2e3347835f8e7caeeb8f5443,,,,
38,visit,Bunnings Arundel Warehouse,2027-02-10T09:52:51+10:00,2027-02-10T10:22:51+10:00,Australia/Brisbane,Australia/Brisbane,2027-02-09T23:52:51+00:00,2027-02-10T00:22:51+00:00,1800,,8158,8158,8158,,Minimum 30-minute site visit; shop opening hours are not enforced.,,,
38,drive,Bunnings Gaven Trade Centre,2027-02-10T10:22:51+10:00,2027-02-10T10:34:39+10:00,Australia/Brisbane,Australia/Brisbane,2027-02-10T00:22:51+00:00,2027-02-10T00:34:39+00:00,708.0,7128,8158,8160,8160,97007cf36ef6357f4c45dccd,,,,
38,visit,Bunnings Gaven Trade Centre,2027-02-10T10:34:39+10:00,2027-02-10T11:04:39+10:00,Australia/Brisbane,Australia/Brisbane,2027-02-10T00:34:39+00:00,2027-02-10T01:04:39+00:00,1800,,8160,8160,8160,,Minimum 30-minute site visit; shop opening hours are not enforced.,,,
38,drive,Bunnings Oxenford Warehouse,2027-02-10T11:04:39+10:00,2027-02-10T11:14:04+10:00,Australia/Brisbane,Australia/Brisbane,2027-02-10T01:04:39+00:00,2027-02-10T01:14:04+00:00,565.0,7080,8160,8169,8169,815319ff5095d66eef26913f,,,,
38,visit,Bunnings Oxenford Warehouse,2027-02-10T11:14:04+10:00,2027-02-10T11:44:04+10:00,Australia/Brisbane,Australia/Brisbane,2027-02-10T01:14:04+00:00,2027-02-10T01:44:04+00:00,1800,,8169,8169,8169,,Minimum 30-minute site visit; shop opening hours are not enforced.,,,
38,drive,Bunnings Pimpama Warehouse,2027-02-10T11:44:04+10:00,2027-02-10T11:56:34+10:00,Australia/Brisbane,Australia/Brisbane,2027-02-10T01:44:04+00:00,2027-02-10T01:56:34+00:00,750.0,10341,8169,8215,8215,0bdfd1cdd57448435d5b4dd3,,,,
38,visit,Bunnings Pimpama Warehouse,2027-02-10T11:56:34+10:00,2027-02-10T12:26:34+10:00,Australia/Brisbane,Australia/Brisbane,2027-02-10T01:56:34+00:00,2027-02-10T02:26:34+00:00,1800,,8215,8215,8215,,Minimum 30-minute site visit; shop opening hours are not enforced.,,,
38,drive,Bunnings Bethania Warehouse,2027-02-10T12:26:34+10:00,2027-02-10T12:51:10+10:00,Australia/Brisbane,Australia/Brisbane,2027-02-10T02:26:34+00:00,2027-02-10T02:51:10+00:00,1476.0,23655,8215,8171,8171,fbf5e3b211203fe86e3e422c,,,,
38,visit,Bunnings Bethania Warehouse,2027-02-10T12:51:10+10:00,2027-02-10T13:21:10+10:00,Australia/Brisbane,Australia/Brisbane,2027-02-10T02:51:10+00:00,2027-02-10T03:21:10+00:00,1800,,8171,8171,8171,,Minimum 30-minute site visit; shop opening hours are not enforced.,,,
38,drive,Bunnings Loganholme Warehouse,2027-02-10T13:21:10+10:00,2027-02-10T13:40:35+10:00,Australia/Brisbane,Australia/Brisbane,2027-02-10T03:21:10+00:00,2027-02-10T03:40:35+00:00,1165.0,11991,8171,8201,8201,8cc156074469e46ca33cf484,,,,
38,visit,Bunnings Loganholme Warehouse,2027-02-10T13:40:35+10:00,2027-02-10T14:10:35+10:00,Australia/Brisbane,Australia/Brisbane,2027-02-10T03:40:35+00:00,2027-02-10T04:10:35+00:00,1800,,8201,8201,8201,,Minimum 30-minute site visit; shop opening hours are not enforced.,,,
38,drive,Bunnings Underwood Compton Rd Warehouse,2027-02-10T14:10:35+10:00,2027-02-10T14:24:40+10:00,Australia/Brisbane,Australia/Brisbane,2027-02-10T04:10:35+00:00,2027-02-10T04:24:40+00:00,845.0,9276,8201,8210,8210,df34da89ba6babacbda54589,,,,
38,visit,Bunnings Underwood Compton Rd Warehouse,2027-02-10T14:24:40+10:00,2027-02-10T14:54:40+10:00,Australia/Brisbane,Australia/Brisbane,2027-02-10T04:24:40+00:00,2027-02-10T04:54:40+00:00,1800,,8210,8210,8210,,Minimum 30-minute site visit; shop opening hours are not enforced.,,,
38,drive,Bunnings Browns Plains Warehouse,2027-02-10T14:54:40+10:00,2027-02-10T15:09:36+10:00,Australia/Brisbane,Australia/Brisbane,2027-02-10T04:54:40+00:00,2027-02-10T05:09:36+00:00,896.0,12230,8210,8066,8066,24c522e2c8a9db3f25eef64a,,,,
38,visit,Bunnings Browns Plains Warehouse,2027-02-10T15:09:36+10:00,2027-02-10T15:39:36+10:00,Australia/Brisbane,Australia/Brisbane,2027-02-10T05:09:36+00:00,2027-02-10T05:39:36+00:00,1800,,8066,8066,8066,,Minimum 30-minute site visit; shop opening hours are not enforced.,,,
38,drive,Browns Plains Motor Inn,2027-02-10T15:39:36+10:00,2027-02-10T15:46:28+10:00,Australia/Brisbane,Australia/Brisbane,2027-02-10T05:39:36+00:00,2027-02-10T05:46:28+00:00,412.0,2454,8066,ChIJF-k6DDpGkWsR3kgSBRE0Mg4,ChIJF-k6DDpGkWsR3kgSBRE0Mg4,9d44eb0a9578421af00a57fb,,,,
38,overnight,Browns Plains Motor Inn,2027-02-10T15:46:28+10:00,2027-02-11T09:00:00+10:00,Australia/Brisbane,Australia/Brisbane,2027-02-10T05:46:28+00:00,2027-02-10T23:00:00+00:00,62012.0,,ChIJF-k6DDpGkWsR3kgSBRE0Mg4,ChIJF-k6DDpGkWsR3kgSBRE0Mg4,ChIJF-k6DDpGkWsR3kgSBRE0Mg4,,Example accommodation stop; availability is not checked.,,,
39,drive,Bunnings Springfield Central Warehouse,2027-02-11T09:00:00+10:00,2027-02-11T09:19:20+10:00,Australia/Brisbane,Australia/Brisbane,2027-02-10T23:00:00+00:00,2027-02-10T23:19:20+00:00,1160.0,21534,ChIJF-k6DDpGkWsR3kgSBRE0Mg4,8182,8182,166e10588199cdd1f2182cba,,,,
39,visit,Bunnings Springfield Central Warehouse,2027-02-11T09:19:20+10:00,2027-02-11T09:49:20+10:00,Australia/Brisbane,Australia/Brisbane,2027-02-10T23:19:20+00:00,2027-02-10T23:49:20+00:00,1800,,8182,8182,8182,,Minimum 30-minute site visit; shop opening hours are not enforced.,,,
39,drive,Bunnings Bundamba Warehouse,2027-02-11T09:49:20+10:00,2027-02-11T10:13:09+10:00,Australia/Brisbane,Australia/Brisbane,2027-02-10T23:49:20+00:00,2027-02-11T00:13:09+00:00,1429.0,15551,8182,8181,8181,3abbaeffbb28aa8bbf48e8e4,,,,
39,visit,Bunnings Bundamba Warehouse,2027-02-11T10:13:09+10:00,2027-02-11T10:43:09+10:00,Australia/Brisbane,Australia/Brisbane,2027-02-11T00:13:09+00:00,2027-02-11T00:43:09+00:00,1800,,8181,8181,8181,,Minimum 30-minute site visit; shop opening hours are not enforced.,,,
39,drive,Bunnings Wacol Frame Truss Plant,2027-02-11T10:43:09+10:00,2027-02-11T10:58:09+10:00,Australia/Brisbane,Australia/Brisbane,2027-02-11T00:43:09+00:00,2027-02-11T00:58:09+00:00,900.0,14828,8181,8148,8148,696373805f803550c195c2fc,,,,
39,visit,Bunnings Wacol Frame Truss Plant,2027-02-11T10:58:09+10:00,2027-02-11T11:28:09+10:00,Australia/Brisbane,Australia/Brisbane,2027-02-11T00:58:09+00:00,2027-02-11T01:28:09+00:00,1800,,8148,8148,8148,,Minimum 30-minute site visit; shop opening hours are not enforced.,,,
39,drive,Bunnings Oxley Warehouse,2027-02-11T11:28:09+10:00,2027-02-11T11:35:57+10:00,Australia/Brisbane,Australia/Brisbane,2027-02-11T01:28:09+00:00,2027-02-11T01:35:57+00:00,468.0,7544,8148,8109,8109,849779be4380262c9a7e24fd,,,,
39,visit,Bunnings Oxley Warehouse,2027-02-11T11:35:57+10:00,2027-02-11T12:05:57+10:00,Australia/Brisbane,Australia/Brisbane,2027-02-11T01:35:57+00:00,2027-02-11T02:05:57+00:00,1800,,8109,8109,8109,,Minimum 30-minute site visit; shop opening hours are not enforced.,,,
39,drive,Bunnings Acacia Ridge Warehouse,2027-02-11T12:05:57+10:00,2027-02-11T12:18:51+10:00,Australia/Brisbane,Australia/Brisbane,2027-02-11T02:05:57+00:00,2027-02-11T02:18:51+00:00,774.0,8458,8109,8196,8196,341e4ebfad734686d6db3761,,,,
39,visit,Bunnings Acacia Ridge Warehouse,2027-02-11T12:18:51+10:00,2027-02-11T12:48:51+10:00,Australia/Brisbane,Australia/Brisbane,2027-02-11T02:18:51+00:00,2027-02-11T02:48:51+00:00,1800,,8196,8196,8196,,Minimum 30-minute site visit; shop opening hours are not enforced.,,,
39,drive,Bunnings Logan Rd Mt Gravatt Warehouse,2027-02-11T12:48:51+10:00,2027-02-11T13:09:49+10:00,Australia/Brisbane,Australia/Brisbane,2027-02-11T02:48:51+00:00,2027-02-11T03:09:49+00:00,1258.0,11905,8196,8199,8199,e0c95fd5d414af7729ebc731,,,,
39,visit,Bunnings Logan Rd Mt Gravatt Warehouse,2027-02-11T13:09:49+10:00,2027-02-11T13:39:49+10:00,Australia/Brisbane,Australia/Brisbane,2027-02-11T03:09:49+00:00,2027-02-11T03:39:49+00:00,1800,,8199,8199,8199,,Minimum 30-minute site visit; shop opening hours are not enforced.,,,
39,drive,Bunnings Mt Gravatt Warehouse,2027-02-11T13:39:49+10:00,2027-02-11T13:46:26+10:00,Australia/Brisbane,Australia/Brisbane,2027-02-11T03:39:49+00:00,2027-02-11T03:46:26+00:00,397.0,2943,8199,8103,8103,96f9419ab98d06972ac90353,,,,
39,visit,Bunnings Mt Gravatt Warehouse,2027-02-11T13:46:26+10:00,2027-02-11T14:16:26+10:00,Australia/Brisbane,Australia/Brisbane,2027-02-11T03:46:26+00:00,2027-02-11T04:16:26+00:00,1800,,8103,8103,8103,,Minimum 30-minute site visit; shop opening hours are not enforced.,,,
39,drive,Bunnings Victoria Point Warehouse,2027-02-11T14:16:26+10:00,2027-02-11T14:44:48+10:00,Australia/Brisbane,Australia/Brisbane,2027-02-11T04:16:26+00:00,2027-02-11T04:44:48+00:00,1702.0,22211,8103,8085,8085,2446b55f73cd93a0f64bf021,,,,
39,visit,Bunnings Victoria Point Warehouse,2027-02-11T14:44:48+10:00,2027-02-11T15:14:48+10:00,Australia/Brisbane,Australia/Brisbane,2027-02-11T04:44:48+00:00,2027-02-11T05:14:48+00:00,1800,,8085,8085,8085,,Minimum 30-minute site visit; shop opening hours are not enforced.,,,
39,drive,Bay Retreat Motel,2027-02-11T15:14:48+10:00,2027-02-11T15:21:40+10:00,Australia/Brisbane,Australia/Brisbane,2027-02-11T05:14:48+00:00,2027-02-11T05:21:40+00:00,412.0,4610,8085,ChIJ-d2S9FNvkWsRV3U4SYZ5Ez0,ChIJ-d2S9FNvkWsRV3U4SYZ5Ez0,6edf9552cc9fd6e97cf0da2d,,,,
39,overnight,Bay Retreat Motel,2027-02-11T15:21:40+10:00,2027-02-12T09:00:00+10:00,Australia/Brisbane,Australia/Brisbane,2027-02-11T05:21:40+00:00,2027-02-11T23:00:00+00:00,63500.0,,ChIJ-d2S9FNvkWsRV3U4SYZ5Ez0,ChIJ-d2S9FNvkWsRV3U4SYZ5Ez0,ChIJ-d2S9FNvkWsRV3U4SYZ5Ez0,,Example accommodation stop; availability is not checked.,,,
40,drive,Bunnings Capalaba Warehouse,2027-02-12T09:00:00+10:00,2027-02-12T09:22:53+10:00,Australia/Brisbane,Australia/Brisbane,2027-02-11T23:00:00+00:00,2027-02-11T23:22:53+00:00,1373.0,20300,ChIJ-d2S9FNvkWsRV3U4SYZ5Ez0,8101,8101,b7cf7d7cf7de4e4622c6331b,,,,
40,visit,Bunnings Capalaba Warehouse,2027-02-12T09:22:53+10:00,2027-02-12T09:52:53+10:00,Australia/Brisbane,Australia/Brisbane,2027-02-11T23:22:53+00:00,2027-02-11T23:52:53+00:00,1800,,8101,8101,8101,,Minimum 30-minute site visit; shop opening hours are not enforced.,,,
40,drive,Bunnings Manly West Warehouse,2027-02-12T09:52:53+10:00,2027-02-12T10:04:07+10:00,Australia/Brisbane,Australia/Brisbane,2027-02-11T23:52:53+00:00,2027-02-12T00:04:07+00:00,674.0,8337,8101,8164,8164,8865882677a6ab75b36ca6e6,,,,
40,visit,Bunnings Manly West Warehouse,2027-02-12T10:04:07+10:00,2027-02-12T10:34:07+10:00,Australia/Brisbane,Australia/Brisbane,2027-02-12T00:04:07+00:00,2027-02-12T00:34:07+00:00,1800,,8164,8164,8164,,Minimum 30-minute site visit; shop opening hours are not enforced.,,,
40,drive,Bunnings Cannon Hill Warehouse,2027-02-12T10:34:07+10:00,2027-02-12T10:44:34+10:00,Australia/Brisbane,Australia/Brisbane,2027-02-12T00:34:07+00:00,2027-02-12T00:44:34+00:00,627.0,6359,8164,8026,8026,c597384ffee0929a22e0a3ca,,,,
40,visit,Bunnings Cannon Hill Warehouse,2027-02-12T10:44:34+10:00,2027-02-12T11:14:34+10:00,Australia/Brisbane,Australia/Brisbane,2027-02-12T00:44:34+00:00,2027-02-12T01:14:34+00:00,1800,,8026,8026,8026,,Minimum 30-minute site visit; shop opening hours are not enforced.,,,
40,drive,Bunnings Indooroopilly Warehouse,2027-02-12T11:14:34+10:00,2027-02-12T11:41:51+10:00,Australia/Brisbane,Australia/Brisbane,2027-02-12T01:14:34+00:00,2027-02-12T01:41:51+00:00,1637.0,16651,8026,8197,8197,9822bdbbacc15da20db892b6,,,,
40,visit,Bunnings Indooroopilly Warehouse,2027-02-12T11:41:51+10:00,2027-02-12T12:11:51+10:00,Australia/Brisbane,Australia/Brisbane,2027-02-12T01:41:51+00:00,2027-02-12T02:11:51+00:00,1800,,8197,8197,8197,,Minimum 30-minute site visit; shop opening hours are not enforced.,,,
40,drive,Bunnings Keperra Warehouse,2027-02-12T12:11:51+10:00,2027-02-12T12:40:00+10:00,Australia/Brisbane,Australia/Brisbane,2027-02-12T02:11:51+00:00,2027-02-12T02:40:00+00:00,1689.0,15193,8197,8057,8057,ee790679c58fb1941740c042,,,,
40,visit,Bunnings Keperra Warehouse,2027-02-12T12:40:00+10:00,2027-02-12T13:10:00+10:00,Australia/Brisbane,Australia/Brisbane,2027-02-12T02:40:00+00:00,2027-02-12T03:10:00+00:00,1800,,8057,8057,8057,,Minimum 30-minute site visit; shop opening hours are not enforced.,,,
40,drive,Bunnings Stafford Warehouse,2027-02-12T13:10:00+10:00,2027-02-12T13:27:24+10:00,Australia/Brisbane,Australia/Brisbane,2027-02-12T03:10:00+00:00,2027-02-12T03:27:24+00:00,1044.0,9991,8057,8056,8056,6c7f355fdced8b7be2077849,,,,
40,visit,Bunnings Stafford Warehouse,2027-02-12T13:27:24+10:00,2027-02-12T13:57:24+10:00,Australia/Brisbane,Australia/Brisbane,2027-02-12T03:27:24+00:00,2027-02-12T03:57:24+00:00,1800,,8056,8056,8056,,Minimum 30-minute site visit; shop opening hours are not enforced.,,,
40,drive,Bunnings Newstead Warehouse,2027-02-12T13:57:24+10:00,2027-02-12T14:14:01+10:00,Australia/Brisbane,Australia/Brisbane,2027-02-12T03:57:24+00:00,2027-02-12T04:14:01+00:00,997.0,7839,8056,8161,8161,0826eab0cd29f717bb669579,,,,
40,visit,Bunnings Newstead Warehouse,2027-02-12T14:14:01+10:00,2027-02-12T14:44:01+10:00,Australia/Brisbane,Australia/Brisbane,2027-02-12T04:14:01+00:00,2027-02-12T04:44:01+00:00,1800,,8161,8161,8161,,Minimum 30-minute site visit; shop opening hours are not enforced.,,,
40,drive,Bunnings Virginia Warehouse,2027-02-12T14:44:01+10:00,2027-02-12T15:00:45+10:00,Australia/Brisbane,Australia/Brisbane,2027-02-12T04:44:01+00:00,2027-02-12T05:00:45+00:00,1004.0,9726,8161,8175,8175,df3690a512cb633059e2da5e,,,,
40,visit,Bunnings Virginia Warehouse,2027-02-12T15:00:45+10:00,2027-02-12T15:30:45+10:00,Australia/Brisbane,Australia/Brisbane,2027-02-12T05:00:45+00:00,2027-02-12T05:30:45+00:00,1800,,8175,8175,8175,,Minimum 30-minute site visit; shop opening hours are not enforced.,,,
40,drive,Zen Escape Guest House - Head office,2027-02-12T15:30:45+10:00,2027-02-12T15:35:40+10:00,Australia/Brisbane,Australia/Brisbane,2027-02-12T05:30:45+00:00,2027-02-12T05:35:40+00:00,295.0,2407,8175,ChIJR4fvFffik2sRllumiEPvSGI,ChIJR4fvFffik2sRllumiEPvSGI,3ab3ba38b4adc051d3db4e2a,,,,
40,overnight,Zen Escape Guest House - Head office,2027-02-12T15:35:40+10:00,2027-02-13T09:00:00+10:00,Australia/Brisbane,Australia/Brisbane,2027-02-12T05:35:40+00:00,2027-02-12T23:00:00+00:00,62660.0,,ChIJR4fvFffik2sRllumiEPvSGI,ChIJR4fvFffik2sRllumiEPvSGI,ChIJR4fvFffik2sRllumiEPvSGI,,Example accommodation stop; availability is not checked.,,,
41,drive,Bunnings Carseldine Warehouse,2027-02-13T09:00:00+10:00,2027-02-13T09:12:11+10:00,Australia/Brisbane,Australia/Brisbane,2027-02-12T23:00:00+00:00,2027-02-12T23:12:11+00:00,731.0,7017,ChIJR4fvFffik2sRllumiEPvSGI,8018,8018,b3fd8c2eea39f1938ec7f831,,,,
41,visit,Bunnings Carseldine Warehouse,2027-02-13T09:12:11+10:00,2027-02-13T09:42:11+10:00,Australia/Brisbane,Australia/Brisbane,2027-02-12T23:12:11+00:00,2027-02-12T23:42:11+00:00,1800,,8018,8018,8018,,Minimum 30-minute site visit; shop opening hours are not enforced.,,,
41,drive,Bunnings Brendale Warehouse,2027-02-13T09:42:11+10:00,2027-02-13T09:52:53+10:00,Australia/Brisbane,Australia/Brisbane,2027-02-12T23:42:11+00:00,2027-02-12T23:52:53+00:00,642.0,5998,8018,8191,8191,b82c66edf2d1e539910e370f,,,,
41,visit,Bunnings Brendale Warehouse,2027-02-13T09:52:53+10:00,2027-02-13T10:22:53+10:00,Australia/Brisbane,Australia/Brisbane,2027-02-12T23:52:53+00:00,2027-02-13T00:22:53+00:00,1800,,8191,8191,8191,,Minimum 30-minute site visit; shop opening hours are not enforced.,,,
41,drive,Bunnings Lawnton Warehouse,2027-02-13T10:22:53+10:00,2027-02-13T10:34:47+10:00,Australia/Brisbane,Australia/Brisbane,2027-02-13T00:22:53+00:00,2027-02-13T00:34:47+00:00,714.0,6079,8191,8212,8212,2f0eb3df40b9a7fc2492fb68,,,,
41,visit,Bunnings Lawnton Warehouse,2027-02-13T10:34:47+10:00,2027-02-13T11:04:47+10:00,Australia/Brisbane,Australia/Brisbane,2027-02-13T00:34:47+00:00,2027-02-13T01:04:47+00:00,1800,,8212,8212,8212,,Minimum 30-minute site visit; shop opening hours are not enforced.,,,
41,drive,Bunnings Rothwell Warehouse,2027-02-13T11:04:47+10:00,2027-02-13T11:30:04+10:00,Australia/Brisbane,Australia/Brisbane,2027-02-13T01:04:47+00:00,2027-02-13T01:30:04+00:00,1517.0,15631,8212,8076,8076,8c9643ee11f65fe9dae4e46f,,,,
41,visit,Bunnings Rothwell Warehouse,2027-02-13T11:30:04+10:00,2027-02-13T12:00:04+10:00,Australia/Brisbane,Australia/Brisbane,2027-02-13T01:30:04+00:00,2027-02-13T02:00:04+00:00,1800,,8076,8076,8076,,Minimum 30-minute site visit; shop opening hours are not enforced.,,,
41,drive,Bunnings North Lakes Warehouse,2027-02-13T12:00:04+10:00,2027-02-13T12:15:04+10:00,Australia/Brisbane,Australia/Brisbane,2027-02-13T02:00:04+00:00,2027-02-13T02:15:04+00:00,900.0,9422,8076,8180,8180,234f099885364a9c6404ab78,,,,
41,visit,Bunnings North Lakes Warehouse,2027-02-13T12:15:04+10:00,2027-02-13T12:45:04+10:00,Australia/Brisbane,Australia/Brisbane,2027-02-13T02:15:04+00:00,2027-02-13T02:45:04+00:00,1800,,8180,8180,8180,,Minimum 30-minute site visit; shop opening hours are not enforced.,,,
41,drive,Bunnings Narangba Trade Centre,2027-02-13T12:45:04+10:00,2027-02-13T12:52:55+10:00,Australia/Brisbane,Australia/Brisbane,2027-02-13T02:45:04+00:00,2027-02-13T02:52:55+00:00,471.0,3420,8180,8092,8092,93853e4f21ddd35be9229409,,,,
41,visit,Bunnings Narangba Trade Centre,2027-02-13T12:52:55+10:00,2027-02-13T13:22:55+10:00,Australia/Brisbane,Australia/Brisbane,2027-02-13T02:52:55+00:00,2027-02-13T03:22:55+00:00,1800,,8092,8092,8092,,Minimum 30-minute site visit; shop opening hours are not enforced.,,,
41,drive,Bunnings Morayfield Warehouse,2027-02-13T13:22:55+10:00,2027-02-13T13:36:58+10:00,Australia/Brisbane,Australia/Brisbane,2027-02-13T03:22:55+00:00,2027-02-13T03:36:58+00:00,843.0,13241,8092,8042,8042,547aba29c367acf86f0490d1,,,,
41,visit,Bunnings Morayfield Warehouse,2027-02-13T13:36:58+10:00,2027-02-13T14:06:58+10:00,Australia/Brisbane,Australia/Brisbane,2027-02-13T03:36:58+00:00,2027-02-13T04:06:58+00:00,1800,,8042,8042,8042,,Minimum 30-minute site visit; shop opening hours are not enforced.,,,
41,drive,Bunnings Caboolture Warehouse,2027-02-13T14:06:58+10:00,2027-02-13T14:20:15+10:00,Australia/Brisbane,Australia/Brisbane,2027-02-13T04:06:58+00:00,2027-02-13T04:20:15+00:00,797.0,11894,8042,8220,8220,601e773a5099ba31aca61142,,,,
41,visit,Bunnings Caboolture Warehouse,2027-02-13T14:20:15+10:00,2027-02-13T14:50:15+10:00,Australia/Brisbane,Australia/Brisbane,2027-02-13T04:20:15+00:00,2027-02-13T04:50:15+00:00,1800,,8220,8220,8220,,Minimum 30-minute site visit; shop opening hours are not enforced.,,,
41,drive,Nightcap at Golden Beach Tavern,2027-02-13T14:50:15+10:00,2027-02-13T15:23:24+10:00,Australia/Brisbane,Australia/Brisbane,2027-02-13T04:50:15+00:00,2027-02-13T05:23:24+00:00,1989.0,40867,8220,ChIJqZ41VFuZk2sR_EGhAEnuvBo,ChIJqZ41VFuZk2sR_EGhAEnuvBo,9afb532e2be26dcd53b688ea,,,,
41,overnight,Nightcap at Golden Beach Tavern,2027-02-13T15:23:24+10:00,2027-02-14T09:00:00+10:00,Australia/Brisbane,Australia/Brisbane,2027-02-13T05:23:24+00:00,2027-02-13T23:00:00+00:00,63396.0,,ChIJqZ41VFuZk2sR_EGhAEnuvBo,ChIJqZ41VFuZk2sR_EGhAEnuvBo,ChIJqZ41VFuZk2sR_EGhAEnuvBo,,Example accommodation stop; availability is not checked.,,,
42,drive,Bunnings Caloundra Warehouse,2027-02-14T09:00:00+10:00,2027-02-14T09:03:49+10:00,Australia/Brisbane,Australia/Brisbane,2027-02-13T23:00:00+00:00,2027-02-13T23:03:49+00:00,229.0,1990,ChIJqZ41VFuZk2sR_EGhAEnuvBo,8079,8079,07324d3ca8f8d15072675474,,,,
42,visit,Bunnings Caloundra Warehouse,2027-02-14T09:03:49+10:00,2027-02-14T09:33:49+10:00,Australia/Brisbane,Australia/Brisbane,2027-02-13T23:03:49+00:00,2027-02-13T23:33:49+00:00,1800,,8079,8079,8079,,Minimum 30-minute site visit; shop opening hours are not enforced.,,,
42,drive,Bunnings Kawana Warehouse,2027-02-14T09:33:49+10:00,2027-02-14T09:48:48+10:00,Australia/Brisbane,Australia/Brisbane,2027-02-13T23:33:49+00:00,2027-02-13T23:48:48+00:00,899.0,10964,8079,8203,8203,d7eed24469a4712df6a136c0,,,,
42,visit,Bunnings Kawana Warehouse,2027-02-14T09:48:48+10:00,2027-02-14T10:18:48+10:00,Australia/Brisbane,Australia/Brisbane,2027-02-13T23:48:48+00:00,2027-02-14T00:18:48+00:00,1800,,8203,8203,8203,,Minimum 30-minute site visit; shop opening hours are not enforced.,,,
42,drive,Bunnings Maroochydore Warehouse,2027-02-14T10:18:48+10:00,2027-02-14T10:36:00+10:00,Australia/Brisbane,Australia/Brisbane,2027-02-14T00:18:48+00:00,2027-02-14T00:36:00+00:00,1032.0,12114,8203,8176,8176,c6ec5e1785d98dd93b5483e9,,,,
42,visit,Bunnings Maroochydore Warehouse,2027-02-14T10:36:00+10:00,2027-02-14T11:06:00+10:00,Australia/Brisbane,Australia/Brisbane,2027-02-14T00:36:00+00:00,2027-02-14T01:06:00+00:00,1800,,8176,8176,8176,,Minimum 30-minute site visit; shop opening hours are not enforced.,,,
42,drive,Bunnings Maroochydore (Kunda Park) Trade Centre,2027-02-14T11:06:00+10:00,2027-02-14T11:14:15+10:00,Australia/Brisbane,Australia/Brisbane,2027-02-14T01:06:00+00:00,2027-02-14T01:14:15+00:00,495.0,6003,8176,8168,8168,8168455ecd00e00f3cdfc105,,,,
42,visit,Bunnings Maroochydore (Kunda Park) Trade Centre,2027-02-14T11:14:15+10:00,2027-02-14T11:44:15+10:00,Australia/Brisbane,Australia/Brisbane,2027-02-14T01:14:15+00:00,2027-02-14T01:44:15+00:00,1800,,8168,8168,8168,,Minimum 30-minute site visit; shop opening hours are not enforced.,,,
42,drive,Bunnings Noosaville Warehouse,2027-02-14T11:44:15+10:00,2027-02-14T12:16:57+10:00,Australia/Brisbane,Australia/Brisbane,2027-02-14T01:44:15+00:00,2027-02-14T02:16:57+00:00,1962.0,41880,8168,8027,8027,08cb1530bc34d81edc8c86aa,,,,
42,visit,Bunnings Noosaville Warehouse,2027-02-14T12:16:57+10:00,2027-02-14T12:46:57+10:00,Australia/Brisbane,Australia/Brisbane,2027-02-14T02:16:57+00:00,2027-02-14T02:46:57+00:00,1800,,8027,8027,8027,,Minimum 30-minute site visit; shop opening hours are not enforced.,,,
42,drive,Bunnings Gympie Warehouse,2027-02-14T12:46:57+10:00,2027-02-14T13:28:29+10:00,Australia/Brisbane,Australia/Brisbane,2027-02-14T02:46:57+00:00,2027-02-14T03:28:29+00:00,2492.0,52422,8027,8190,8190,43c46895de66f5212ec14065,,,,
42,visit,Bunnings Gympie Warehouse,2027-02-14T13:28:29+10:00,2027-02-14T13:58:29+10:00,Australia/Brisbane,Australia/Brisbane,2027-02-14T03:28:29+00:00,2027-02-14T03:58:29+00:00,1800,,8190,8190,8190,,Minimum 30-minute site visit; shop opening hours are not enforced.,,,
42,drive,Bunnings Maryborough Warehouse,2027-02-14T13:58:29+10:00,2027-02-14T15:02:04+10:00,Australia/Brisbane,Australia/Brisbane,2027-02-14T03:58:29+00:00,2027-02-14T05:02:04+00:00,3815.0,90097,8190,8152,8152,62e14f7cf92c9374b4644be0,,,,
42,visit,Bunnings Maryborough Warehouse,2027-02-14T15:02:04+10:00,2027-02-14T15:32:04+10:00,Australia/Brisbane,Australia/Brisbane,2027-02-14T05:02:04+00:00,2027-02-14T05:32:04+00:00,1800,,8152,8152,8152,,Minimum 30-minute site visit; shop opening hours are not enforced.,,,
42,drive,Maryborough City Motel,2027-02-14T15:32:04+10:00,2027-02-14T15:32:46+10:00,Australia/Brisbane,Australia/Brisbane,2027-02-14T05:32:04+00:00,2027-02-14T05:32:46+00:00,42.0,312,8152,ChIJK5mQKhtn62sRM6TvzvNhP9E,ChIJK5mQKhtn62sRM6TvzvNhP9E,69ad29908bd44387f9e075a9,,,,
42,overnight,Maryborough City Motel,2027-02-14T15:32:46+10:00,2027-02-15T09:00:00+10:00,Australia/Brisbane,Australia/Brisbane,2027-02-14T05:32:46+00:00,2027-02-14T23:00:00+00:00,62834.0,,ChIJK5mQKhtn62sRM6TvzvNhP9E,ChIJK5mQKhtn62sRM6TvzvNhP9E,ChIJK5mQKhtn62sRM6TvzvNhP9E,,Example accommodation stop; availability is not checked.,,,
43,drive,Bunnings Hervey Bay Warehouse,2027-02-15T09:00:00+10:00,2027-02-15T09:30:48+10:00,Australia/Brisbane,Australia/Brisbane,2027-02-14T23:00:00+00:00,2027-02-14T23:30:48+00:00,1848.0,35442,ChIJK5mQKhtn62sRM6TvzvNhP9E,8386,8386,7c7cdbb0f134bedfedabeec2,,,,
43,visit,Bunnings Hervey Bay Warehouse,2027-02-15T09:30:48+10:00,2027-02-15T10:00:48+10:00,Australia/Brisbane,Australia/Brisbane,2027-02-14T23:30:48+00:00,2027-02-15T00:00:48+00:00,1800,,8386,8386,8386,,Minimum 30-minute site visit; shop opening hours are not enforced.,,,
43,drive,Bunnings Bundaberg Warehouse,2027-02-15T10:00:48+10:00,2027-02-15T11:28:06+10:00,Australia/Brisbane,Australia/Brisbane,2027-02-15T00:00:48+00:00,2027-02-15T01:28:06+00:00,5238.0,117858,8386,8154,8154,e3993f6f5b5bdd5c3dc0dc53,,,,
43,visit,Bunnings Bundaberg Warehouse,2027-02-15T11:28:06+10:00,2027-02-15T11:58:06+10:00,Australia/Brisbane,Australia/Brisbane,2027-02-15T01:28:06+00:00,2027-02-15T01:58:06+00:00,1800,,8154,8154,8154,,Minimum 30-minute site visit; shop opening hours are not enforced.,,,
43,drive,Bunnings Gladstone Warehouse,2027-02-15T11:58:06+10:00,2027-02-15T14:13:32+10:00,Australia/Brisbane,Australia/Brisbane,2027-02-15T01:58:06+00:00,2027-02-15T04:13:32+00:00,8126.0,189551,8154,8041,8041,b04a459287f772f01ad0e594,,,,
43,visit,Bunnings Gladstone Warehouse,2027-02-15T14:13:32+10:00,2027-02-15T14:43:32+10:00,Australia/Brisbane,Australia/Brisbane,2027-02-15T04:13:32+00:00,2027-02-15T04:43:32+00:00,1800,,8041,8041,8041,,Minimum 30-minute site visit; shop opening hours are not enforced.,,,
43,drive,LillyPilly Resort,2027-02-15T14:43:32+10:00,2027-02-15T16:01:53+10:00,Australia/Brisbane,Australia/Brisbane,2027-02-15T04:43:32+00:00,2027-02-15T06:01:53+00:00,4701.0,106836,8041,ChIJ9yKqTjapw2sR_R7M_7ikJZ4,ChIJ9yKqTjapw2sR_R7M_7ikJZ4,d6f491db871c19caac917723,,,,
43,overnight,LillyPilly Resort,2027-02-15T16:01:53+10:00,2027-02-16T09:00:00+10:00,Australia/Brisbane,Australia/Brisbane,2027-02-15T06:01:53+00:00,2027-02-15T23:00:00+00:00,61087.0,,ChIJ9yKqTjapw2sR_R7M_7ikJZ4,ChIJ9yKqTjapw2sR_R7M_7ikJZ4,ChIJ9yKqTjapw2sR_R7M_7ikJZ4,,Example accommodation stop; availability is not checked.,,,
44,drive,Bunnings Rockhampton Trade Centre,2027-02-16T09:00:00+10:00,2027-02-16T09:25:29+10:00,Australia/Brisbane,Australia/Brisbane,2027-02-15T23:00:00+00:00,2027-02-15T23:25:29+00:00,1529.0,21787,ChIJ9yKqTjapw2sR_R7M_7ikJZ4,8468,8468,e8220cbe4da6d62fad2a26ce,,,,
44,visit,Bunnings Rockhampton Trade Centre,2027-02-16T09:25:29+10:00,2027-02-16T09:55:29+10:00,Australia/Brisbane,Australia/Brisbane,2027-02-15T23:25:29+00:00,2027-02-15T23:55:29+00:00,1800,,8468,8468,8468,,Minimum 30-minute site visit; shop opening hours are not enforced.,,,
44,drive,Bunnings Rockhampton Warehouse,2027-02-16T09:55:29+10:00,2027-02-16T09:59:20+10:00,Australia/Brisbane,Australia/Brisbane,2027-02-15T23:55:29+00:00,2027-02-15T23:59:20+00:00,231.0,2036,8468,8477,8477,70b25b02b80fda45592ba2d4,,,,
44,visit,Bunnings Rockhampton Warehouse,2027-02-16T09:59:20+10:00,2027-02-16T10:29:20+10:00,Australia/Brisbane,Australia/Brisbane,2027-02-15T23:59:20+00:00,2027-02-16T00:29:20+00:00,1800,,8477,8477,8477,,Minimum 30-minute site visit; shop opening hours are not enforced.,,,
44,drive,Bunnings Yeppoon Warehouse,2027-02-16T10:29:20+10:00,2027-02-16T10:55:17+10:00,Australia/Brisbane,Australia/Brisbane,2027-02-16T00:29:20+00:00,2027-02-16T00:55:17+00:00,1557.0,33917,8477,8453,8453,f82c107f666e126b346cb396,,,,
44,visit,Bunnings Yeppoon Warehouse,2027-02-16T10:55:17+10:00,2027-02-16T11:25:17+10:00,Australia/Brisbane,Australia/Brisbane,2027-02-16T00:55:17+00:00,2027-02-16T01:25:17+00:00,1800,,8453,8453,8453,,Minimum 30-minute site visit; shop opening hours are not enforced.,,,
44,drive,Sarina Motor Inn,2027-02-16T11:25:17+10:00,2027-02-16T14:55:01+10:00,Australia/Brisbane,Australia/Brisbane,2027-02-16T01:25:17+00:00,2027-02-16T04:55:01+00:00,12584.0,318244,8453,ChIJG6NwXBW222sRSbG9UVDo8Rk,ChIJG6NwXBW222sRSbG9UVDo8Rk,6b825a5cd3e67a8fbb3c0566,,,,
44,overnight,Sarina Motor Inn,2027-02-16T14:55:01+10:00,2027-02-17T09:00:00+10:00,Australia/Brisbane,Australia/Brisbane,2027-02-16T04:55:01+00:00,2027-02-16T23:00:00+00:00,65099.0,,ChIJG6NwXBW222sRSbG9UVDo8Rk,ChIJG6NwXBW222sRSbG9UVDo8Rk,ChIJG6NwXBW222sRSbG9UVDo8Rk,,Example accommodation stop; availability is not checked.,,,
45,drive,Bunnings Paget Mackay Warehouse,2027-02-17T09:00:00+10:00,2027-02-17T09:26:13+10:00,Australia/Brisbane,Australia/Brisbane,2027-02-16T23:00:00+00:00,2027-02-16T23:26:13+00:00,1573.0,32470,ChIJG6NwXBW222sRSbG9UVDo8Rk,8462,8462,bb9932ea9c0b9539d28095da,,,,
45,visit,Bunnings Paget Mackay Warehouse,2027-02-17T09:26:13+10:00,2027-02-17T09:56:13+10:00,Australia/Brisbane,Australia/Brisbane,2027-02-16T23:26:13+00:00,2027-02-16T23:56:13+00:00,1800,,8462,8462,8462,,Minimum 30-minute site visit; shop opening hours are not enforced.,,,
45,drive,Bunnings Mackay North Warehouse,2027-02-17T09:56:13+10:00,2027-02-17T10:10:46+10:00,Australia/Brisbane,Australia/Brisbane,2027-02-16T23:56:13+00:00,2027-02-17T00:10:46+00:00,873.0,9335,8462,8451,8451,5c85640db693f00091d9e8fe,,,,
45,visit,Bunnings Mackay North Warehouse,2027-02-17T10:10:46+10:00,2027-02-17T10:40:46+10:00,Australia/Brisbane,Australia/Brisbane,2027-02-17T00:10:46+00:00,2027-02-17T00:40:46+00:00,1800,,8451,8451,8451,,Minimum 30-minute site visit; shop opening hours are not enforced.,,,
45,drive,Bunnings Airlie Beach Warehouse,2027-02-17T10:40:46+10:00,2027-02-17T12:22:42+10:00,Australia/Brisbane,Australia/Brisbane,2027-02-17T00:40:46+00:00,2027-02-17T02:22:42+00:00,6116.0,144610,8451,8467,8467,7b6df623fc7484948b923612,,,,
45,visit,Bunnings Airlie Beach Warehouse,2027-02-17T12:22:42+10:00,2027-02-17T12:52:42+10:00,Australia/Brisbane,Australia/Brisbane,2027-02-17T02:22:42+00:00,2027-02-17T02:52:42+00:00,1800,,8467,8467,8467,,Minimum 30-minute site visit; shop opening hours are not enforced.,,,
45,drive,Stuart Hotel Motel,2027-02-17T12:52:42+10:00,2027-02-17T15:53:23+10:00,Australia/Brisbane,Australia/Brisbane,2027-02-17T02:52:42+00:00,2027-02-17T05:53:23+00:00,10841.0,264140,8467,ChIJkZfGVYv71WsRNyYflFiS6eY,ChIJkZfGVYv71WsRNyYflFiS6eY,d2ba89464434fa6e1061e64f,,,,
45,overnight,Stuart Hotel Motel,2027-02-17T15:53:23+10:00,2027-02-18T09:00:00+10:00,Australia/Brisbane,Australia/Brisbane,2027-02-17T05:53:23+00:00,2027-02-17T23:00:00+00:00,61597.0,,ChIJkZfGVYv71WsRNyYflFiS6eY,ChIJkZfGVYv71WsRNyYflFiS6eY,ChIJkZfGVYv71WsRNyYflFiS6eY,,Example accommodation stop; availability is not checked.,,,
46,drive,Bunnings Fairfield Waters Warehouse,2027-02-18T09:00:00+10:00,2027-02-18T09:06:44+10:00,Australia/Brisbane,Australia/Brisbane,2027-02-17T23:00:00+00:00,2027-02-17T23:06:44+00:00,404.0,3218,ChIJkZfGVYv71WsRNyYflFiS6eY,8440,8440,02316026b805be3f4b3c706d,,,,
46,visit,Bunnings Fairfield Waters Warehouse,2027-02-18T09:06:44+10:00,2027-02-18T09:36:44+10:00,Australia/Brisbane,Australia/Brisbane,2027-02-17T23:06:44+00:00,2027-02-17T23:36:44+00:00,1800,,8440,8440,8440,,Minimum 30-minute site visit; shop opening hours are not enforced.,,,
46,drive,Bunnings Townsville Warehouse,2027-02-18T09:36:44+10:00,2027-02-18T09:53:42+10:00,Australia/Brisbane,Australia/Brisbane,2027-02-17T23:36:44+00:00,2027-02-17T23:53:42+00:00,1018.0,10857,8440,8437,8437,3551bbe2245c6c906a837ad9,,,,
46,visit,Bunnings Townsville Warehouse,2027-02-18T09:53:42+10:00,2027-02-18T10:23:42+10:00,Australia/Brisbane,Australia/Brisbane,2027-02-17T23:53:42+00:00,2027-02-18T00:23:42+00:00,1800,,8437,8437,8437,,Minimum 30-minute site visit; shop opening hours are not enforced.,,,
46,drive,Bunnings Townsville North Warehouse,2027-02-18T10:23:42+10:00,2027-02-18T10:34:34+10:00,Australia/Brisbane,Australia/Brisbane,2027-02-18T00:23:42+00:00,2027-02-18T00:34:34+00:00,652.0,7985,8437,8469,8469,a747f04dd74c3a7db304d3ca,,,,
46,visit,Bunnings Townsville North Warehouse,2027-02-18T10:34:34+10:00,2027-02-18T11:04:34+10:00,Australia/Brisbane,Australia/Brisbane,2027-02-18T00:34:34+00:00,2027-02-18T01:04:34+00:00,1800,,8469,8469,8469,,Minimum 30-minute site visit; shop opening hours are not enforced.,,,
46,drive,Bunnings Innisfail Warehouse,2027-02-18T11:04:34+10:00,2027-02-18T13:56:09+10:00,Australia/Brisbane,Australia/Brisbane,2027-02-18T01:04:34+00:00,2027-02-18T03:56:09+00:00,10295.0,247278,8469,8474,8474,cbe6ee87384bb692f69bc393,,,,
46,visit,Bunnings Innisfail Warehouse,2027-02-18T13:56:09+10:00,2027-02-18T14:26:09+10:00,Australia/Brisbane,Australia/Brisbane,2027-02-18T03:56:09+00:00,2027-02-18T04:26:09+00:00,1800,,8474,8474,8474,,Minimum 30-minute site visit; shop opening hours are not enforced.,,,
46,drive,Cairns Reef Apartments & Motel Accommodation,2027-02-18T14:26:09+10:00,2027-02-18T15:26:42+10:00,Australia/Brisbane,Australia/Brisbane,2027-02-18T04:26:09+00:00,2027-02-18T05:26:42+00:00,3633.0,81648,8474,ChIJk2MM9O9jeGkRffLhHWPB-V4,ChIJk2MM9O9jeGkRffLhHWPB-V4,5436dc2b6c2c24080c63079b,,,,
46,overnight,Cairns Reef Apartments & Motel Accommodation,2027-02-18T15:26:42+10:00,2027-02-19T09:00:00+10:00,Australia/Brisbane,Australia/Brisbane,2027-02-18T05:26:42+00:00,2027-02-18T23:00:00+00:00,63198.0,,ChIJk2MM9O9jeGkRffLhHWPB-V4,ChIJk2MM9O9jeGkRffLhHWPB-V4,ChIJk2MM9O9jeGkRffLhHWPB-V4,,Example accommodation stop; availability is not checked.,,,
47,drive,Bunnings Cairns Warehouse,2027-02-19T09:00:00+10:00,2027-02-19T09:06:40+10:00,Australia/Brisbane,Australia/Brisbane,2027-02-18T23:00:00+00:00,2027-02-18T23:06:40+00:00,400.0,4293,ChIJk2MM9O9jeGkRffLhHWPB-V4,8471,8471,0c51a81b521b0693c51ed081,,,,
47,visit,Bunnings Cairns Warehouse,2027-02-19T09:06:40+10:00,2027-02-19T09:36:40+10:00,Australia/Brisbane,Australia/Brisbane,2027-02-18T23:06:40+00:00,2027-02-18T23:36:40+00:00,1800,,8471,8471,8471,,Minimum 30-minute site visit; shop opening hours are not enforced.,,,
47,drive,Bunnings Smithfield QLD Warehouse,2027-02-19T09:36:40+10:00,2027-02-19T10:01:29+10:00,Australia/Brisbane,Australia/Brisbane,2027-02-18T23:36:40+00:00,2027-02-19T00:01:29+00:00,1489.0,16470,8471,8466,8466,ce0255471b909ae97192ac85,,,,
47,visit,Bunnings Smithfield QLD Warehouse,2027-02-19T10:01:29+10:00,2027-02-19T10:31:29+10:00,Australia/Brisbane,Australia/Brisbane,2027-02-19T00:01:29+00:00,2027-02-19T00:31:29+00:00,1800,,8466,8466,8466,,Minimum 30-minute site visit; shop opening hours are not enforced.,,,
47,drive,Bunnings Atherton Warehouse,2027-02-19T10:31:29+10:00,2027-02-19T11:44:30+10:00,Australia/Brisbane,Australia/Brisbane,2027-02-19T00:31:29+00:00,2027-02-19T01:44:30+00:00,4381.0,80728,8466,8470,8470,42ea7707e300c439f8ac3903,,,,
47,visit,Bunnings Atherton Warehouse,2027-02-19T11:44:30+10:00,2027-02-19T12:14:30+10:00,Australia/Brisbane,Australia/Brisbane,2027-02-19T01:44:30+00:00,2027-02-19T02:14:30+00:00,1800,,8470,8470,8470,,Minimum 30-minute site visit; shop opening hours are not enforced.,,,
47,drive,Three Rivers Hotel,2027-02-19T12:14:30+10:00,2027-02-19T15:40:38+10:00,Australia/Brisbane,Australia/Brisbane,2027-02-19T02:14:30+00:00,2027-02-19T05:40:38+00:00,12368.0,311077,8470,ChIJNwOE-qGaKmoRRJ-EVEWq4Iw,ChIJNwOE-qGaKmoRRJ-EVEWq4Iw,82809f9f0c882c1810597c71,,,,
47,overnight,Three Rivers Hotel,2027-02-19T15:40:38+10:00,2027-02-20T09:00:00+10:00,Australia/Brisbane,Australia/Brisbane,2027-02-19T05:40:38+00:00,2027-02-19T23:00:00+00:00,62362.0,,ChIJNwOE-qGaKmoRRJ-EVEWq4Iw,ChIJNwOE-qGaKmoRRJ-EVEWq4Iw,ChIJNwOE-qGaKmoRRJ-EVEWq4Iw,,Example accommodation stop; availability is not checked.,,,
48,drive,Julia Creek Motel,2027-02-20T09:00:00+10:00,2027-02-20T15:15:55+10:00,Australia/Brisbane,Australia/Brisbane,2027-02-19T23:00:00+00:00,2027-02-20T05:15:55+00:00,22555.0,581633,ChIJNwOE-qGaKmoRRJ-EVEWq4Iw,ChIJyeZRRDrLJGoRI2pkyMw14Gk,ChIJyeZRRDrLJGoRI2pkyMw14Gk,6efd1485a82d6787c44ace79,,,,
48,overnight,Julia Creek Motel,2027-02-20T15:15:55+10:00,2027-02-21T09:00:00+10:00,Australia/Brisbane,Australia/Brisbane,2027-02-20T05:15:55+00:00,2027-02-20T23:00:00+00:00,63845.0,,ChIJyeZRRDrLJGoRI2pkyMw14Gk,ChIJyeZRRDrLJGoRI2pkyMw14Gk,ChIJyeZRRDrLJGoRI2pkyMw14Gk,,Example accommodation stop; availability is not checked.,,,
49,drive,Bunnings Mt Isa Warehouse,2027-02-21T09:00:00+10:00,2027-02-21T11:54:07+10:00,Australia/Brisbane,Australia/Brisbane,2027-02-20T23:00:00+00:00,2027-02-21T01:54:07+00:00,10447.0,258069,ChIJyeZRRDrLJGoRI2pkyMw14Gk,8476,8476,4a1b191d780c8866a43b9eb7,,,,
49,visit,Bunnings Mt Isa Warehouse,2027-02-21T11:54:07+10:00,2027-02-21T12:24:07+10:00,Australia/Brisbane,Australia/Brisbane,2027-02-21T01:54:07+00:00,2027-02-21T02:24:07+00:00,1800,,8476,8476,8476,,Minimum 30-minute site visit; shop opening hours are not enforced.,,,
49,drive,Barkly Homestead Wayside Inn,2027-02-21T12:24:07+10:00,2027-02-21T16:37:50+09:30,Australia/Brisbane,Australia/Darwin,2027-02-21T02:24:07+00:00,2027-02-21T07:07:50+00:00,17023.0,449336,8476,ChIJ35F1yWBMTCsRvUmliIpUUjw,ChIJ35F1yWBMTCsRvUmliIpUUjw,5780e9581087671bb947a7b3,,,,
49,overnight,Barkly Homestead Wayside Inn,2027-02-21T16:37:50+09:30,2027-02-22T09:00:00+09:30,Australia/Darwin,Australia/Darwin,2027-02-21T07:07:50+00:00,2027-02-21T23:30:00+00:00,58930.0,,ChIJ35F1yWBMTCsRvUmliIpUUjw,ChIJ35F1yWBMTCsRvUmliIpUUjw,ChIJ35F1yWBMTCsRvUmliIpUUjw,,Example accommodation stop; availability is not checked.,,,
50,drive,A Good Rest B&B,2027-02-22T09:00:00+09:30,2027-02-22T16:17:43+09:30,Australia/Darwin,Australia/Darwin,2027-02-21T23:30:00+00:00,2027-02-22T06:47:43+00:00,26263.0,716576,ChIJ35F1yWBMTCsRvUmliIpUUjw,ChIJTVgES9UYMisRIusFKO-0O_c,ChIJTVgES9UYMisRIusFKO-0O_c,ed3388436aa5d33908a7a991,,,,
50,overnight,A Good Rest B&B,2027-02-22T16:17:43+09:30,2027-02-23T09:00:00+09:30,Australia/Darwin,Australia/Darwin,2027-02-22T06:47:43+00:00,2027-02-22T23:30:00+00:00,60137.0,,ChIJTVgES9UYMisRIusFKO-0O_c,ChIJTVgES9UYMisRIusFKO-0O_c,ChIJTVgES9UYMisRIusFKO-0O_c,,Example accommodation stop; availability is not checked.,,,
51,drive,Bunnings Alice Springs Warehouse,2027-02-23T09:00:00+09:30,2027-02-23T09:01:43+09:30,Australia/Darwin,Australia/Darwin,2027-02-22T23:30:00+00:00,2027-02-22T23:31:43+00:00,103.0,1445,ChIJTVgES9UYMisRIusFKO-0O_c,2325,2325,5858ab98a2c1d7459f0bbb51,,,,
51,visit,Bunnings Alice Springs Warehouse,2027-02-23T09:01:43+09:30,2027-02-23T09:31:43+09:30,Australia/Darwin,Australia/Darwin,2027-02-22T23:31:43+00:00,2027-02-23T00:01:43+00:00,1800,,2325,2325,2325,,Minimum 30-minute site visit; shop opening hours are not enforced.,,,
51,drive,Erldunda Desert Oaks Resort,2027-02-23T09:31:43+09:30,2027-02-23T11:40:38+09:30,Australia/Darwin,Australia/Darwin,2027-02-23T00:01:43+00:00,2027-02-23T02:10:38+00:00,7735.0,203201,2325,ChIJH9MhJvDYLisRLnpBgWupcQA,ChIJH9MhJvDYLisRLnpBgWupcQA,9b0fc8ab3a57381880d854b6,,,,
51,overnight,Erldunda Desert Oaks Resort,2027-02-23T11:40:38+09:30,2027-02-24T09:00:00+09:30,Australia/Darwin,Australia/Darwin,2027-02-23T02:10:38+00:00,2027-02-23T23:30:00+00:00,76762.0,,ChIJH9MhJvDYLisRLnpBgWupcQA,ChIJH9MhJvDYLisRLnpBgWupcQA,ChIJH9MhJvDYLisRLnpBgWupcQA,,Example accommodation stop; availability is not checked.,,,
52,drive,Mud Hut Motel,2027-02-24T09:00:00+09:30,2027-02-24T14:54:49+10:30,Australia/Darwin,Australia/Adelaide,2027-02-23T23:30:00+00:00,2027-02-24T04:24:49+00:00,17689.0,488319,ChIJH9MhJvDYLisRLnpBgWupcQA,ChIJsV78QULfzCoRsbbUuZ6OMKg,ChIJsV78QULfzCoRsbbUuZ6OMKg,13bd9c1584f785bdef67ee1c,,,,
52,overnight,Mud Hut Motel,2027-02-24T14:54:49+10:30,2027-02-25T09:00:00+10:30,Australia/Adelaide,Australia/Adelaide,2027-02-24T04:24:49+00:00,2027-02-24T22:30:00+00:00,65111.0,,ChIJsV78QULfzCoRsbbUuZ6OMKg,ChIJsV78QULfzCoRsbbUuZ6OMKg,ChIJsV78QULfzCoRsbbUuZ6OMKg,,Example accommodation stop; availability is not checked.,,,
53,drive,Bunnings Port Augusta,2027-02-25T09:00:00+10:30,2027-02-25T14:22:55+10:30,Australia/Adelaide,Australia/Adelaide,2027-02-24T22:30:00+00:00,2027-02-25T03:52:55+00:00,19375.0,537124,ChIJsV78QULfzCoRsbbUuZ6OMKg,5230,5230,9b91002626b67dbee9fe7459,,,,
53,visit,Bunnings Port Augusta,2027-02-25T14:22:55+10:30,2027-02-25T14:52:55+10:30,Australia/Adelaide,Australia/Adelaide,2027-02-25T03:52:55+00:00,2027-02-25T04:22:55+00:00,1800,,5230,5230,5230,,Minimum 30-minute site visit; shop opening hours are not enforced.,,,
53,drive,Rangeview Caravan and Cabin Park,2027-02-25T14:52:55+10:30,2027-02-25T15:51:07+10:30,Australia/Adelaide,Australia/Adelaide,2027-02-25T04:22:55+00:00,2027-02-25T05:21:07+00:00,3492.0,87212,5230,ChIJvXG29Ld5u2oRxX2-2g9rER4,ChIJvXG29Ld5u2oRxX2-2g9rER4,e91d67f21e43413f696ed5e6,,,,
53,overnight,Rangeview Caravan and Cabin Park,2027-02-25T15:51:07+10:30,2027-02-26T09:00:00+10:30,Australia/Adelaide,Australia/Adelaide,2027-02-25T05:21:07+00:00,2027-02-25T22:30:00+00:00,61733.0,,ChIJvXG29Ld5u2oRxX2-2g9rER4,ChIJvXG29Ld5u2oRxX2-2g9rER4,ChIJvXG29Ld5u2oRxX2-2g9rER4,,Example accommodation stop; availability is not checked.,,,
54,drive,Bunnings Mildura Warehouse,2027-02-26T09:00:00+10:30,2027-02-26T14:21:01+11:00,Australia/Adelaide,Australia/Melbourne,2027-02-25T22:30:00+00:00,2027-02-26T03:21:01+00:00,17461.0,450400,ChIJvXG29Ld5u2oRxX2-2g9rER4,6156,6156,9364151807616e1c7fd7f054,,,,
54,visit,Bunnings Mildura Warehouse,2027-02-26T14:21:01+11:00,2027-02-26T14:51:01+11:00,Australia/Melbourne,Australia/Melbourne,2027-02-26T03:21:01+00:00,2027-02-26T03:51:01+00:00,1800,,6156,6156,6156,,Minimum 30-minute site visit; shop opening hours are not enforced.,,,
54,drive,Discovery Parks - Renmark Riverfront,2027-02-26T14:51:01+11:00,2027-02-26T15:54:32+10:30,Australia/Melbourne,Australia/Adelaide,2027-02-26T03:51:01+00:00,2027-02-26T05:24:32+00:00,5611.0,138157,6156,ChIJA_-unnorwWoRv4uDXzGtY9Y,ChIJA_-unnorwWoRv4uDXzGtY9Y,35816e517988be76a949ece9,,,,
54,overnight,Discovery Parks - Renmark Riverfront,2027-02-26T15:54:32+10:30,2027-02-27T09:00:00+10:30,Australia/Adelaide,Australia/Adelaide,2027-02-26T05:24:32+00:00,2027-02-26T22:30:00+00:00,61528.0,,ChIJA_-unnorwWoRv4uDXzGtY9Y,ChIJA_-unnorwWoRv4uDXzGtY9Y,ChIJA_-unnorwWoRv4uDXzGtY9Y,,Example accommodation stop; availability is not checked.,,,
55,drive,Bunnings Berri Warehouse,2027-02-27T09:00:00+10:30,2027-02-27T09:14:30+10:30,Australia/Adelaide,Australia/Adelaide,2027-02-26T22:30:00+00:00,2027-02-26T22:44:30+00:00,870.0,18121,ChIJA_-unnorwWoRv4uDXzGtY9Y,5222,5222,95f13527f7a9d64ba0a892dd,,,,
55,visit,Bunnings Berri Warehouse,2027-02-27T09:14:30+10:30,2027-02-27T09:44:30+10:30,Australia/Adelaide,Australia/Adelaide,2027-02-26T22:44:30+00:00,2027-02-26T23:14:30+00:00,1800,,5222,5222,5222,,Minimum 30-minute site visit; shop opening hours are not enforced.,,,
55,drive,Bunnings Murray Bridge,2027-02-27T09:44:30+10:30,2027-02-27T11:56:13+10:30,Australia/Adelaide,Australia/Adelaide,2027-02-26T23:14:30+00:00,2027-02-27T01:26:13+00:00,7903.0,201562,5222,5229,5229,7c8dc42e4b5245c93dc18193,,,,
55,visit,Bunnings Murray Bridge,2027-02-27T11:56:13+10:30,2027-02-27T12:26:13+10:30,Australia/Adelaide,Australia/Adelaide,2027-02-27T01:26:13+00:00,2027-02-27T01:56:13+00:00,1800,,5229,5229,5229,,Minimum 30-minute site visit; shop opening hours are not enforced.,,,
55,drive,Bunnings Mt Barker Warehouse,2027-02-27T12:26:13+10:30,2027-02-27T13:08:26+10:30,Australia/Adelaide,Australia/Adelaide,2027-02-27T01:56:13+00:00,2027-02-27T02:38:26+00:00,2533.0,65034,5229,5221,5221,1294d710e1163fb7eb72c906,,,,
55,visit,Bunnings Mt Barker Warehouse,2027-02-27T13:08:26+10:30,2027-02-27T13:38:26+10:30,Australia/Adelaide,Australia/Adelaide,2027-02-27T02:38:26+00:00,2027-02-27T03:08:26+00:00,1800,,5221,5221,5221,,Minimum 30-minute site visit; shop opening hours are not enforced.,,,
55,drive,Bunnings Gawler Warehouse,2027-02-27T13:38:26+10:30,2027-02-27T14:37:16+10:30,Australia/Adelaide,Australia/Adelaide,2027-02-27T03:08:26+00:00,2027-02-27T04:07:16+00:00,3530.0,62890,5221,5181,5181,49d3c2492c569110e5b5a617,,,,
55,visit,Bunnings Gawler Warehouse,2027-02-27T14:37:16+10:30,2027-02-27T15:07:16+10:30,Australia/Adelaide,Australia/Adelaide,2027-02-27T04:07:16+00:00,2027-02-27T04:37:16+00:00,1800,,5181,5181,5181,,Minimum 30-minute site visit; shop opening hours are not enforced.,,,
55,drive,The Gawler Arms Hotel,2027-02-27T15:07:16+10:30,2027-02-27T15:12:19+10:30,Australia/Adelaide,Australia/Adelaide,2027-02-27T04:37:16+00:00,2027-02-27T04:42:19+00:00,303.0,2889,5181,ChIJmZiQ9sX_uWoR25o-cvkfmTA,ChIJmZiQ9sX_uWoR25o-cvkfmTA,b164de2a7ea2b2d0abe04f7f,,,,
55,overnight,The Gawler Arms Hotel,2027-02-27T15:12:19+10:30,2027-02-28T09:00:00+10:30,Australia/Adelaide,Australia/Adelaide,2027-02-27T04:42:19+00:00,2027-02-27T22:30:00+00:00,64061.0,,ChIJmZiQ9sX_uWoR25o-cvkfmTA,ChIJmZiQ9sX_uWoR25o-cvkfmTA,ChIJmZiQ9sX_uWoR25o-cvkfmTA,,Example accommodation stop; availability is not checked.,,,
56,drive,Bunnings Munno Para West Warehouse,2027-02-28T09:00:00+10:30,2027-02-28T09:16:11+10:30,Australia/Adelaide,Australia/Adelaide,2027-02-27T22:30:00+00:00,2027-02-27T22:46:11+00:00,971.0,16075,ChIJmZiQ9sX_uWoR25o-cvkfmTA,5224,5224,d2ef25abd89af5e9d656d97f,,,,
56,visit,Bunnings Munno Para West Warehouse,2027-02-28T09:16:11+10:30,2027-02-28T09:46:11+10:30,Australia/Adelaide,Australia/Adelaide,2027-02-27T22:46:11+00:00,2027-02-27T23:16:11+00:00,1800,,5224,5224,5224,,Minimum 30-minute site visit; shop opening hours are not enforced.,,,
56,drive,Bunnings Parafield Warehouse,2027-02-28T09:46:11+10:30,2027-02-28T10:09:23+10:30,Australia/Adelaide,Australia/Adelaide,2027-02-27T23:16:11+00:00,2027-02-27T23:39:23+00:00,1392.0,23667,5224,5160,5160,1660018deff287624bec4abd,,,,
56,visit,Bunnings Parafield Warehouse,2027-02-28T10:09:23+10:30,2027-02-28T10:39:23+10:30,Australia/Adelaide,Australia/Adelaide,2027-02-27T23:39:23+00:00,2027-02-28T00:09:23+00:00,1800,,5160,5160,5160,,Minimum 30-minute site visit; shop opening hours are not enforced.,,,
56,drive,Bunnings Modbury Warehouse,2027-02-28T10:39:23+10:30,2027-02-28T10:51:20+10:30,Australia/Adelaide,Australia/Adelaide,2027-02-28T00:09:23+00:00,2027-02-28T00:21:20+00:00,717.0,7153,5160,5210,5210,6d802eca7b3d7b30e948c189,,,,
56,visit,Bunnings Modbury Warehouse,2027-02-28T10:51:20+10:30,2027-02-28T11:21:20+10:30,Australia/Adelaide,Australia/Adelaide,2027-02-28T00:21:20+00:00,2027-02-28T00:51:20+00:00,1800,,5210,5210,5210,,Minimum 30-minute site visit; shop opening hours are not enforced.,,,
56,drive,Bunnings Windsor Gardens Warehouse,2027-02-28T11:21:20+10:30,2027-02-28T11:31:39+10:30,Australia/Adelaide,Australia/Adelaide,2027-02-28T00:51:20+00:00,2027-02-28T01:01:39+00:00,619.0,5958,5210,5220,5220,0ee68eed8b543cb54653d5b6,,,,
56,visit,Bunnings Windsor Gardens Warehouse,2027-02-28T11:31:39+10:30,2027-02-28T12:01:39+10:30,Australia/Adelaide,Australia/Adelaide,2027-02-28T01:01:39+00:00,2027-02-28T01:31:39+00:00,1800,,5220,5220,5220,,Minimum 30-minute site visit; shop opening hours are not enforced.,,,
56,drive,Bunnings Gepps Cross Trade Centre,2027-02-28T12:01:39+10:30,2027-02-28T12:15:09+10:30,Australia/Adelaide,Australia/Adelaide,2027-02-28T01:31:39+00:00,2027-02-28T01:45:09+00:00,810.0,9060,5220,5213,5213,a5f4edba09db1b4e3daa847c,,,,
56,visit,Bunnings Gepps Cross Trade Centre,2027-02-28T12:15:09+10:30,2027-02-28T12:45:09+10:30,Australia/Adelaide,Australia/Adelaide,2027-02-28T01:45:09+00:00,2027-02-28T02:15:09+00:00,1800,,5213,5213,5213,,Minimum 30-minute site visit; shop opening hours are not enforced.,,,
56,drive,Bunnings Prospect Warehouse,2027-02-28T12:45:09+10:30,2027-02-28T12:51:58+10:30,Australia/Adelaide,Australia/Adelaide,2027-02-28T02:15:09+00:00,2027-02-28T02:21:58+00:00,409.0,4074,5213,5212,5212,52a503d94694eb6350f70a67,,,,
56,visit,Bunnings Prospect Warehouse,2027-02-28T12:51:58+10:30,2027-02-28T13:21:58+10:30,Australia/Adelaide,Australia/Adelaide,2027-02-28T02:21:58+00:00,2027-02-28T02:51:58+00:00,1800,,5212,5212,5212,,Minimum 30-minute site visit; shop opening hours are not enforced.,,,
56,drive,Bunnings Woodville Warehouse,2027-02-28T13:21:58+10:30,2027-02-28T13:37:15+10:30,Australia/Adelaide,Australia/Adelaide,2027-02-28T02:51:58+00:00,2027-02-28T03:07:15+00:00,917.0,8105,5212,5068,5068,b518542dc6647daafe6e6267,,,,
56,visit,Bunnings Woodville Warehouse,2027-02-28T13:37:15+10:30,2027-02-28T14:07:15+10:30,Australia/Adelaide,Australia/Adelaide,2027-02-28T03:07:15+00:00,2027-02-28T03:37:15+00:00,1800,,5068,5068,5068,,Minimum 30-minute site visit; shop opening hours are not enforced.,,,
56,drive,Bunnings Adelaide Airport Warehouse,2027-02-28T14:07:15+10:30,2027-02-28T14:22:25+10:30,Australia/Adelaide,Australia/Adelaide,2027-02-28T03:37:15+00:00,2027-02-28T03:52:25+00:00,910.0,8091,5068,5226,5226,084135c9b2f8fb7aae7b8ff0,,,,
56,visit,Bunnings Adelaide Airport Warehouse,2027-02-28T14:22:25+10:30,2027-02-28T14:52:25+10:30,Australia/Adelaide,Australia/Adelaide,2027-02-28T03:52:25+00:00,2027-02-28T04:22:25+00:00,1800,,5226,5226,5226,,Minimum 30-minute site visit; shop opening hours are not enforced.,,,
56,drive,Bunnings Mile End Warehouse,2027-02-28T14:52:25+10:30,2027-02-28T15:01:46+10:30,Australia/Adelaide,Australia/Adelaide,2027-02-28T04:22:25+00:00,2027-02-28T04:31:46+00:00,561.0,4576,5226,5121,5121,8a59606f0671b0424c0a8824,,,,
56,visit,Bunnings Mile End Warehouse,2027-02-28T15:01:46+10:30,2027-02-28T15:31:46+10:30,Australia/Adelaide,Australia/Adelaide,2027-02-28T04:31:46+00:00,2027-02-28T05:01:46+00:00,1800,,5121,5121,5121,,Minimum 30-minute site visit; shop opening hours are not enforced.,,,
56,drive,City West Motel,2027-02-28T15:31:46+10:30,2027-02-28T15:36:58+10:30,Australia/Adelaide,Australia/Adelaide,2027-02-28T05:01:46+00:00,2027-02-28T05:06:58+00:00,312.0,2251,5121,ChIJqWdtZULPsGoR8GkEZiSlBxA,ChIJqWdtZULPsGoR8GkEZiSlBxA,d0497c8c9c6b88593edc07b5,,,,
56,overnight,City West Motel,2027-02-28T15:36:58+10:30,2027-03-01T09:00:00+10:30,Australia/Adelaide,Australia/Adelaide,2027-02-28T05:06:58+00:00,2027-02-28T22:30:00+00:00,62582.0,,ChIJqWdtZULPsGoR8GkEZiSlBxA,ChIJqWdtZULPsGoR8GkEZiSlBxA,ChIJqWdtZULPsGoR8GkEZiSlBxA,,Example accommodation stop; availability is not checked.,,,
57,drive,Bunnings Kent Town Warehouse,2027-03-01T09:00:00+10:30,2027-03-01T09:13:12+10:30,Australia/Adelaide,Australia/Adelaide,2027-02-28T22:30:00+00:00,2027-02-28T22:43:12+00:00,792.0,4589,ChIJqWdtZULPsGoR8GkEZiSlBxA,5024,5024,1673ed7045ed288901c6c476,,,,
57,visit,Bunnings Kent Town Warehouse,2027-03-01T09:13:12+10:30,2027-03-01T09:43:12+10:30,Australia/Adelaide,Australia/Adelaide,2027-02-28T22:43:12+00:00,2027-02-28T23:13:12+00:00,1800,,5024,5024,5024,,Minimum 30-minute site visit; shop opening hours are not enforced.,,,
57,drive,Bunnings Edwardstown Warehouse,2027-03-01T09:43:12+10:30,2027-03-01T10:07:11+10:30,Australia/Adelaide,Australia/Adelaide,2027-02-28T23:13:12+00:00,2027-02-28T23:37:11+00:00,1439.0,12643,5024,5228,5228,bd99685530a5a7bb82bbe6c3,,,,
57,visit,Bunnings Edwardstown Warehouse,2027-03-01T10:07:11+10:30,2027-03-01T10:37:11+10:30,Australia/Adelaide,Australia/Adelaide,2027-02-28T23:37:11+00:00,2027-03-01T00:07:11+00:00,1800,,5228,5228,5228,,Minimum 30-minute site visit; shop opening hours are not enforced.,,,
57,drive,Bunnings Marion Warehouse,2027-03-01T10:37:11+10:30,2027-03-01T10:49:42+10:30,Australia/Adelaide,Australia/Adelaide,2027-03-01T00:07:11+00:00,2027-03-01T00:19:42+00:00,751.0,6336,5228,5095,5095,bfc322fcf8480905f08f3347,,,,
57,visit,Bunnings Marion Warehouse,2027-03-01T10:49:42+10:30,2027-03-01T11:19:42+10:30,Australia/Adelaide,Australia/Adelaide,2027-03-01T00:19:42+00:00,2027-03-01T00:49:42+00:00,1800,,5095,5095,5095,,Minimum 30-minute site visit; shop opening hours are not enforced.,,,
57,drive,Bunnings Reynella Warehouse,2027-03-01T11:19:42+10:30,2027-03-01T11:36:18+10:30,Australia/Adelaide,Australia/Adelaide,2027-03-01T00:49:42+00:00,2027-03-01T01:06:18+00:00,996.0,11990,5095,5150,5150,b18596a32dd0c5a3dc9a3979,,,,
57,visit,Bunnings Reynella Warehouse,2027-03-01T11:36:18+10:30,2027-03-01T12:06:18+10:30,Australia/Adelaide,Australia/Adelaide,2027-03-01T01:06:18+00:00,2027-03-01T01:36:18+00:00,1800,,5150,5150,5150,,Minimum 30-minute site visit; shop opening hours are not enforced.,,,
57,drive,Bunnings Noarlunga,2027-03-01T12:06:18+10:30,2027-03-01T12:19:57+10:30,Australia/Adelaide,Australia/Adelaide,2027-03-01T01:36:18+00:00,2027-03-01T01:49:57+00:00,819.0,9742,5150,5083,5083,29d08a1b439e74094989d27e,,,,
57,visit,Bunnings Noarlunga,2027-03-01T12:19:57+10:30,2027-03-01T12:49:57+10:30,Australia/Adelaide,Australia/Adelaide,2027-03-01T01:49:57+00:00,2027-03-01T02:19:57+00:00,1800,,5083,5083,5083,,Minimum 30-minute site visit; shop opening hours are not enforced.,,,
57,drive,Bunnings Seaford Warehouse,2027-03-01T12:49:57+10:30,2027-03-01T12:58:23+10:30,Australia/Adelaide,Australia/Adelaide,2027-03-01T02:19:57+00:00,2027-03-01T02:28:23+00:00,506.0,6706,5083,5211,5211,84d8e5a4c44d89cfe661aabc,,,,
57,visit,Bunnings Seaford Warehouse,2027-03-01T12:58:23+10:30,2027-03-01T13:28:23+10:30,Australia/Adelaide,Australia/Adelaide,2027-03-01T02:28:23+00:00,2027-03-01T02:58:23+00:00,1800,,5211,5211,5211,,Minimum 30-minute site visit; shop opening hours are not enforced.,,,
57,drive,Bunnings Seaford Trade Centre,2027-03-01T13:28:23+10:30,2027-03-01T13:31:36+10:30,Australia/Adelaide,Australia/Adelaide,2027-03-01T02:58:23+00:00,2027-03-01T03:01:36+00:00,193.0,1516,5211,5163,5163,f8af30dbfd1bb88b594ecc58,,,,
57,visit,Bunnings Seaford Trade Centre,2027-03-01T13:31:36+10:30,2027-03-01T14:01:36+10:30,Australia/Adelaide,Australia/Adelaide,2027-03-01T03:01:36+00:00,2027-03-01T03:31:36+00:00,1800,,5163,5163,5163,,Minimum 30-minute site visit; shop opening hours are not enforced.,,,
57,drive,Bunnings Victor Harbor Warehouse,2027-03-01T14:01:36+10:30,2027-03-01T14:39:12+10:30,Australia/Adelaide,Australia/Adelaide,2027-03-01T03:31:36+00:00,2027-03-01T04:09:12+00:00,2256.0,49063,5163,5214,5214,82dd161faca2520f1aef8281,,,,
57,visit,Bunnings Victor Harbor Warehouse,2027-03-01T14:39:12+10:30,2027-03-01T15:09:12+10:30,Australia/Adelaide,Australia/Adelaide,2027-03-01T04:09:12+00:00,2027-03-01T04:39:12+00:00,1800,,5214,5214,5214,,Minimum 30-minute site visit; shop opening hours are not enforced.,,,
57,drive,McLaren Vale Motel & Apartments,2027-03-01T15:09:12+10:30,2027-03-01T15:40:32+10:30,Australia/Adelaide,Australia/Adelaide,2027-03-01T04:39:12+00:00,2027-03-01T05:10:32+00:00,1880.0,43699,5214,ChIJ7cFna6UlsWoRTBH-ipefZ_g,ChIJ7cFna6UlsWoRTBH-ipefZ_g,3cd7422e0194b37f60edec7d,,,,
57,overnight,McLaren Vale Motel & Apartments,2027-03-01T15:40:32+10:30,2027-03-02T09:00:00+10:30,Australia/Adelaide,Australia/Adelaide,2027-03-01T05:10:32+00:00,2027-03-01T22:30:00+00:00,62368.0,,ChIJ7cFna6UlsWoRTBH-ipefZ_g,ChIJ7cFna6UlsWoRTBH-ipefZ_g,ChIJ7cFna6UlsWoRTBH-ipefZ_g,,Example accommodation stop; availability is not checked.,,,
58,drive,Modra's Apartments Tumby Bay,2027-03-02T09:00:00+10:30,2027-03-02T15:56:23+10:30,Australia/Adelaide,Australia/Adelaide,2027-03-01T22:30:00+00:00,2027-03-02T05:26:23+00:00,24983.0,639402,ChIJ7cFna6UlsWoRTBH-ipefZ_g,ChIJ-c5ROwhJqWoRPo4axlfIY8c,ChIJ-c5ROwhJqWoRPo4axlfIY8c,75a558bd00499901bdf76c32,,,,
58,overnight,Modra's Apartments Tumby Bay,2027-03-02T15:56:23+10:30,2027-03-03T09:00:00+10:30,Australia/Adelaide,Australia/Adelaide,2027-03-02T05:26:23+00:00,2027-03-02T22:30:00+00:00,61417.0,,ChIJ-c5ROwhJqWoRPo4axlfIY8c,ChIJ-c5ROwhJqWoRPo4axlfIY8c,ChIJ-c5ROwhJqWoRPo4axlfIY8c,,Example accommodation stop; availability is not checked.,,,
59,drive,Bunnings Port Lincoln Warehouse,2027-03-03T09:00:00+10:30,2027-03-03T09:40:04+10:30,Australia/Adelaide,Australia/Adelaide,2027-03-02T22:30:00+00:00,2027-03-02T23:10:04+00:00,2404.0,52283,ChIJ-c5ROwhJqWoRPo4axlfIY8c,5215,5215,a4df18dc1eb6091805aa8396,,,,
59,visit,Bunnings Port Lincoln Warehouse,2027-03-03T09:40:04+10:30,2027-03-03T10:10:04+10:30,Australia/Adelaide,Australia/Adelaide,2027-03-02T23:10:04+00:00,2027-03-02T23:40:04+00:00,1800,,5215,5215,5215,,Minimum 30-minute site visit; shop opening hours are not enforced.,,,
59,drive,Highway One Motel Ceduna,2027-03-03T10:10:04+10:30,2027-03-03T14:19:46+10:30,Australia/Adelaide,Australia/Adelaide,2027-03-02T23:40:04+00:00,2027-03-03T03:49:46+00:00,14982.0,404731,5215,ChIJM_WnygiZtioRCxYNM0-kmV0,ChIJM_WnygiZtioRCxYNM0-kmV0,d0fdc199f9fe4135c6b6603d,,,,
59,overnight,Highway One Motel Ceduna,2027-03-03T14:19:46+10:30,2027-03-04T09:00:00+10:30,Australia/Adelaide,Australia/Adelaide,2027-03-03T03:49:46+00:00,2027-03-03T22:30:00+00:00,67214.0,,ChIJM_WnygiZtioRCxYNM0-kmV0,ChIJM_WnygiZtioRCxYNM0-kmV0,ChIJM_WnygiZtioRCxYNM0-kmV0,,Example accommodation stop; availability is not checked.,,,
60,drive,Caiguna Roadhouse,2027-03-04T09:00:00+10:30,2027-03-04T14:59:02+08:00,Australia/Adelaide,Australia/Perth,2027-03-03T22:30:00+00:00,2027-03-04T06:59:02+00:00,30542.0,827196,ChIJM_WnygiZtioRCxYNM0-kmV0,ChIJ5UaUEE8X9yoRfjYEr6BMRSU,ChIJ5UaUEE8X9yoRfjYEr6BMRSU,ffaebb80ae5afafc640eb6c5,,,,
60,overnight,Caiguna Roadhouse,2027-03-04T14:59:02+08:00,2027-03-05T09:00:00+08:00,Australia/Perth,Australia/Perth,2027-03-04T06:59:02+00:00,2027-03-05T01:00:00+00:00,64858.0,,ChIJ5UaUEE8X9yoRfjYEr6BMRSU,ChIJ5UaUEE8X9yoRfjYEr6BMRSU,ChIJ5UaUEE8X9yoRfjYEr6BMRSU,,Example accommodation stop; availability is not checked.,,,
61,drive,Bunnings Kalgoorlie Warehouse,2027-03-05T09:00:00+08:00,2027-03-05T14:45:01+08:00,Australia/Perth,Australia/Perth,2027-03-05T01:00:00+00:00,2027-03-05T06:45:01+00:00,20701.0,555773,ChIJ5UaUEE8X9yoRfjYEr6BMRSU,2390,2390,7dc68bbb60b2e60d22b05f45,,,,
61,visit,Bunnings Kalgoorlie Warehouse,2027-03-05T14:45:01+08:00,2027-03-05T15:15:01+08:00,Australia/Perth,Australia/Perth,2027-03-05T06:45:01+00:00,2027-03-05T07:15:01+00:00,1800,,2390,2390,2390,,Minimum 30-minute site visit; shop opening hours are not enforced.,,,
61,drive,Kambalda Village Accommodation,2027-03-05T15:15:01+08:00,2027-03-05T15:51:58+08:00,Australia/Perth,Australia/Perth,2027-03-05T07:15:01+00:00,2027-03-05T07:51:58+00:00,2217.0,55175,2390,ChIJ2xOTtrF3UioRtARiu-fwU9s,ChIJ2xOTtrF3UioRtARiu-fwU9s,dd49f28f286fab641b278a15,,,,
61,overnight,Kambalda Village Accommodation,2027-03-05T15:51:58+08:00,2027-03-06T09:00:00+08:00,Australia/Perth,Australia/Perth,2027-03-05T07:51:58+00:00,2027-03-06T01:00:00+00:00,61682.0,,ChIJ2xOTtrF3UioRtARiu-fwU9s,ChIJ2xOTtrF3UioRtARiu-fwU9s,ChIJ2xOTtrF3UioRtARiu-fwU9s,,Example accommodation stop; availability is not checked.,,,
62,drive,Bunnings Esperance Warehouse,2027-03-06T09:00:00+08:00,2027-03-06T12:30:14+08:00,Australia/Perth,Australia/Perth,2027-03-06T01:00:00+00:00,2027-03-06T04:30:14+00:00,12614.0,332066,ChIJ2xOTtrF3UioRtARiu-fwU9s,2022,2022,98655ed323813316b886a686,,,,
62,visit,Bunnings Esperance Warehouse,2027-03-06T12:30:14+08:00,2027-03-06T13:00:14+08:00,Australia/Perth,Australia/Perth,2027-03-06T04:30:14+00:00,2027-03-06T05:00:14+00:00,1800,,2022,2022,2022,,Minimum 30-minute site visit; shop opening hours are not enforced.,,,
62,drive,Ongerup Hotel,2027-03-06T13:00:14+08:00,2027-03-06T16:31:26+08:00,Australia/Perth,Australia/Perth,2027-03-06T05:00:14+00:00,2027-03-06T08:31:26+00:00,12672.0,340967,2022,ChIJ78j4VVUFOCoRNHApL8eZz1Q,ChIJ78j4VVUFOCoRNHApL8eZz1Q,542510df288cebf823192254,,,,
62,overnight,Ongerup Hotel,2027-03-06T16:31:26+08:00,2027-03-07T09:00:00+08:00,Australia/Perth,Australia/Perth,2027-03-06T08:31:26+00:00,2027-03-07T01:00:00+00:00,59314.0,,ChIJ78j4VVUFOCoRNHApL8eZz1Q,ChIJ78j4VVUFOCoRNHApL8eZz1Q,ChIJ78j4VVUFOCoRNHApL8eZz1Q,,Example accommodation stop; availability is not checked.,,,
63,drive,Bunnings Albany Warehouse,2027-03-07T09:00:00+08:00,2027-03-07T10:34:34+08:00,Australia/Perth,Australia/Perth,2027-03-07T01:00:00+00:00,2027-03-07T02:34:34+00:00,5674.0,144201,ChIJ78j4VVUFOCoRNHApL8eZz1Q,2181,2181,3c7654888e966dfaa5fa54c6,,,,
63,visit,Bunnings Albany Warehouse,2027-03-07T10:34:34+08:00,2027-03-07T11:04:34+08:00,Australia/Perth,Australia/Perth,2027-03-07T02:34:34+00:00,2027-03-07T03:04:34+00:00,1800,,2181,2181,2181,,Minimum 30-minute site visit; shop opening hours are not enforced.,,,
63,drive,Bunnings Margaret River Warehouse,2027-03-07T11:04:34+08:00,2027-03-07T14:53:54+08:00,Australia/Perth,Australia/Perth,2027-03-07T03:04:34+00:00,2027-03-07T06:53:54+00:00,13760.0,338882,2181,2703,2703,e3755337b16916bfe5b67baa,,,,
63,visit,Bunnings Margaret River Warehouse,2027-03-07T14:53:54+08:00,2027-03-07T15:23:54+08:00,Australia/Perth,Australia/Perth,2027-03-07T06:53:54+00:00,2027-03-07T07:23:54+00:00,1800,,2703,2703,2703,,Minimum 30-minute site visit; shop opening hours are not enforced.,,,
63,drive,Aqua Resort,2027-03-07T15:23:54+08:00,2027-03-07T15:58:46+08:00,Australia/Perth,Australia/Perth,2027-03-07T07:23:54+00:00,2027-03-07T07:58:46+00:00,2092.0,43440,2703,ChIJlYZAX1tHLioRzdavwm8zURo,ChIJlYZAX1tHLioRzdavwm8zURo,2f11c13100bc0c59b8e48ad4,,,,
63,overnight,Aqua Resort,2027-03-07T15:58:46+08:00,2027-03-08T09:00:00+08:00,Australia/Perth,Australia/Perth,2027-03-07T07:58:46+00:00,2027-03-08T01:00:00+00:00,61274.0,,ChIJlYZAX1tHLioRzdavwm8zURo,ChIJlYZAX1tHLioRzdavwm8zURo,ChIJlYZAX1tHLioRzdavwm8zURo,,Example accommodation stop; availability is not checked.,,,
64,drive,Bunnings Busselton Warehouse,2027-03-08T09:00:00+08:00,2027-03-08T09:10:20+08:00,Australia/Perth,Australia/Perth,2027-03-08T01:00:00+00:00,2027-03-08T01:10:20+00:00,620.0,9131,ChIJlYZAX1tHLioRzdavwm8zURo,2063,2063,e06ab0be5ced691f9d585a34,,,,
64,visit,Bunnings Busselton Warehouse,2027-03-08T09:10:20+08:00,2027-03-08T09:40:20+08:00,Australia/Perth,Australia/Perth,2027-03-08T01:10:20+00:00,2027-03-08T01:40:20+00:00,1800,,2063,2063,2063,,Minimum 30-minute site visit; shop opening hours are not enforced.,,,
64,drive,Bunnings Bunbury Trade Centre,2027-03-08T09:40:20+08:00,2027-03-08T10:14:28+08:00,Australia/Perth,Australia/Perth,2027-03-08T01:40:20+00:00,2027-03-08T02:14:28+00:00,2048.0,51138,2063,2681,2681,f25389bd54d48ce956e74e33,,,,
64,visit,Bunnings Bunbury Trade Centre,2027-03-08T10:14:28+08:00,2027-03-08T10:44:28+08:00,Australia/Perth,Australia/Perth,2027-03-08T02:14:28+00:00,2027-03-08T02:44:28+00:00,1800,,2681,2681,2681,,Minimum 30-minute site visit; shop opening hours are not enforced.,,,
64,drive,Bunnings Bunbury Warehouse,2027-03-08T10:44:28+08:00,2027-03-08T10:55:06+08:00,Australia/Perth,Australia/Perth,2027-03-08T02:44:28+00:00,2027-03-08T02:55:06+00:00,638.0,6792,2681,2179,2179,a60bb9215f20ebb614df90dc,,,,
64,visit,Bunnings Bunbury Warehouse,2027-03-08T10:55:06+08:00,2027-03-08T11:25:06+08:00,Australia/Perth,Australia/Perth,2027-03-08T02:55:06+00:00,2027-03-08T03:25:06+00:00,1800,,2179,2179,2179,,Minimum 30-minute site visit; shop opening hours are not enforced.,,,
64,drive,Bunnings Australind Warehouse,2027-03-08T11:25:06+08:00,2027-03-08T11:41:59+08:00,Australia/Perth,Australia/Perth,2027-03-08T03:25:06+00:00,2027-03-08T03:41:59+00:00,1013.0,14856,2179,2706,2706,e9e9b12a5e1fe89d5a55079e,,,,
64,visit,Bunnings Australind Warehouse,2027-03-08T11:41:59+08:00,2027-03-08T12:11:59+08:00,Australia/Perth,Australia/Perth,2027-03-08T03:41:59+00:00,2027-03-08T04:11:59+00:00,1800,,2706,2706,2706,,Minimum 30-minute site visit; shop opening hours are not enforced.,,,
64,drive,Bunnings Halls Head Warehouse,2027-03-08T12:11:59+08:00,2027-03-08T13:11:23+08:00,Australia/Perth,Australia/Perth,2027-03-08T04:11:59+00:00,2027-03-08T05:11:23+00:00,3564.0,88458,2706,2707,2707,9c4dd710717108a3fcee7036,,,,
64,visit,Bunnings Halls Head Warehouse,2027-03-08T13:11:23+08:00,2027-03-08T13:41:23+08:00,Australia/Perth,Australia/Perth,2027-03-08T05:11:23+00:00,2027-03-08T05:41:23+00:00,1800,,2707,2707,2707,,Minimum 30-minute site visit; shop opening hours are not enforced.,,,
64,drive,Bunnings Mandurah Warehouse,2027-03-08T13:41:23+08:00,2027-03-08T13:51:51+08:00,Australia/Perth,Australia/Perth,2027-03-08T05:41:23+00:00,2027-03-08T05:51:51+00:00,628.0,7158,2707,2444,2444,d18fc072cadd68fa26938b6e,,,,
64,visit,Bunnings Mandurah Warehouse,2027-03-08T13:51:51+08:00,2027-03-08T14:21:51+08:00,Australia/Perth,Australia/Perth,2027-03-08T05:51:51+00:00,2027-03-08T06:21:51+00:00,1800,,2444,2444,2444,,Minimum 30-minute site visit; shop opening hours are not enforced.,,,
64,drive,Bunnings Port Kennedy Trade Centre,2027-03-08T14:21:51+08:00,2027-03-08T14:43:42+08:00,Australia/Perth,Australia/Perth,2027-03-08T06:21:51+00:00,2027-03-08T06:43:42+00:00,1311.0,19634,2444,2431,2431,3a6184512db197685cd16fd4,,,,
64,visit,Bunnings Port Kennedy Trade Centre,2027-03-08T14:43:42+08:00,2027-03-08T15:13:42+08:00,Australia/Perth,Australia/Perth,2027-03-08T06:43:42+00:00,2027-03-08T07:13:42+00:00,1800,,2431,2431,2431,,Minimum 30-minute site visit; shop opening hours are not enforced.,,,
64,drive,Hotel Clipper,2027-03-08T15:13:42+08:00,2027-03-08T15:27:39+08:00,Australia/Perth,Australia/Perth,2027-03-08T07:13:42+00:00,2027-03-08T07:27:39+00:00,837.0,12918,2431,ChIJHXQO68qcMioRYfn8XOTmsXk,ChIJHXQO68qcMioRYfn8XOTmsXk,7ff3d2f7f21f64825e0642e7,,,,
64,overnight,Hotel Clipper,2027-03-08T15:27:39+08:00,2027-03-09T09:00:00+08:00,Australia/Perth,Australia/Perth,2027-03-08T07:27:39+00:00,2027-03-09T01:00:00+00:00,63141.0,,ChIJHXQO68qcMioRYfn8XOTmsXk,ChIJHXQO68qcMioRYfn8XOTmsXk,ChIJHXQO68qcMioRYfn8XOTmsXk,,Example accommodation stop; availability is not checked.,,,
65,drive,Bunnings Baldivis Warehouse,2027-03-09T09:00:00+08:00,2027-03-09T09:17:20+08:00,Australia/Perth,Australia/Perth,2027-03-09T01:00:00+00:00,2027-03-09T01:17:20+00:00,1040.0,12544,ChIJHXQO68qcMioRYfn8XOTmsXk,2442,2442,f36aef478e408d1e23aabae9,,,,
65,visit,Bunnings Baldivis Warehouse,2027-03-09T09:17:20+08:00,2027-03-09T09:47:20+08:00,Australia/Perth,Australia/Perth,2027-03-09T01:17:20+00:00,2027-03-09T01:47:20+00:00,1800,,2442,2442,2442,,Minimum 30-minute site visit; shop opening hours are not enforced.,,,
65,drive,Bunnings Rockingham Warehouse,2027-03-09T09:47:20+08:00,2027-03-09T10:02:29+08:00,Australia/Perth,Australia/Perth,2027-03-09T01:47:20+00:00,2027-03-09T02:02:29+00:00,909.0,14048,2442,2163,2163,214a23c3ee99bc01704ec308,,,,
65,visit,Bunnings Rockingham Warehouse,2027-03-09T10:02:29+08:00,2027-03-09T10:32:29+08:00,Australia/Perth,Australia/Perth,2027-03-09T02:02:29+00:00,2027-03-09T02:32:29+00:00,1800,,2163,2163,2163,,Minimum 30-minute site visit; shop opening hours are not enforced.,,,
65,drive,Bunnings Bibra Lake Warehouse,2027-03-09T10:32:29+08:00,2027-03-09T10:55:41+08:00,Australia/Perth,Australia/Perth,2027-03-09T02:32:29+00:00,2027-03-09T02:55:41+00:00,1392.0,21237,2163,2015,2015,093a9a24c2a653082ae2e578,,,,
65,visit,Bunnings Bibra Lake Warehouse,2027-03-09T10:55:41+08:00,2027-03-09T11:25:41+08:00,Australia/Perth,Australia/Perth,2027-03-09T02:55:41+00:00,2027-03-09T03:25:41+00:00,1800,,2015,2015,2015,,Minimum 30-minute site visit; shop opening hours are not enforced.,,,
65,drive,Bunnings O'Connor Warehouse,2027-03-09T11:25:41+08:00,2027-03-09T11:33:54+08:00,Australia/Perth,Australia/Perth,2027-03-09T03:25:41+00:00,2027-03-09T03:33:54+00:00,493.0,4815,2015,2402,2402,70bc01b784f88586aba7d4dc,,,,
65,visit,Bunnings O'Connor Warehouse,2027-03-09T11:33:54+08:00,2027-03-09T12:03:54+08:00,Australia/Perth,Australia/Perth,2027-03-09T03:33:54+00:00,2027-03-09T04:03:54+00:00,1800,,2402,2402,2402,,Minimum 30-minute site visit; shop opening hours are not enforced.,,,
65,drive,Bunnings Melville Warehouse,2027-03-09T12:03:54+08:00,2027-03-09T12:11:18+08:00,Australia/Perth,Australia/Perth,2027-03-09T04:03:54+00:00,2027-03-09T04:11:18+00:00,444.0,4680,2402,2157,2157,ada3cae33360bd61151495da,,,,
65,visit,Bunnings Melville Warehouse,2027-03-09T12:11:18+08:00,2027-03-09T12:41:18+08:00,Australia/Perth,Australia/Perth,2027-03-09T04:11:18+00:00,2027-03-09T04:41:18+00:00,1800,,2157,2157,2157,,Minimum 30-minute site visit; shop opening hours are not enforced.,,,
65,drive,Bunnings Claremont Warehouse,2027-03-09T12:41:18+08:00,2027-03-09T13:03:45+08:00,Australia/Perth,Australia/Perth,2027-03-09T04:41:18+00:00,2027-03-09T05:03:45+00:00,1347.0,14394,2157,2433,2433,64090c4de038fb35a1828b5d,,,,
65,visit,Bunnings Claremont Warehouse,2027-03-09T13:03:45+08:00,2027-03-09T13:33:45+08:00,Australia/Perth,Australia/Perth,2027-03-09T05:03:45+00:00,2027-03-09T05:33:45+00:00,1800,,2433,2433,2433,,Minimum 30-minute site visit; shop opening hours are not enforced.,,,
65,drive,Bunnings Homebase Subiaco Store,2027-03-09T13:33:45+08:00,2027-03-09T13:47:29+08:00,Australia/Perth,Australia/Perth,2027-03-09T05:33:45+00:00,2027-03-09T05:47:29+00:00,824.0,7106,2433,2260,2260,ac09431840188c210771c43e,,,,
65,visit,Bunnings Homebase Subiaco Store,2027-03-09T13:47:29+08:00,2027-03-09T14:17:29+08:00,Australia/Perth,Australia/Perth,2027-03-09T05:47:29+00:00,2027-03-09T06:17:29+00:00,1800,,2260,2260,2260,,Minimum 30-minute site visit; shop opening hours are not enforced.,,,
65,drive,Bunnings Osborne Park Warehouse,2027-03-09T14:17:29+08:00,2027-03-09T14:27:36+08:00,Australia/Perth,Australia/Perth,2027-03-09T06:17:29+00:00,2027-03-09T06:27:36+00:00,607.0,4534,2260,2708,2708,0c95944699f29191e3d28470,,,,
65,visit,Bunnings Osborne Park Warehouse,2027-03-09T14:27:36+08:00,2027-03-09T14:57:36+08:00,Australia/Perth,Australia/Perth,2027-03-09T06:27:36+00:00,2027-03-09T06:57:36+00:00,1800,,2708,2708,2708,,Minimum 30-minute site visit; shop opening hours are not enforced.,,,
65,drive,Bunnings Innaloo Warehouse,2027-03-09T14:57:36+08:00,2027-03-09T15:09:51+08:00,Australia/Perth,Australia/Perth,2027-03-09T06:57:36+00:00,2027-03-09T07:09:51+00:00,735.0,4368,2708,2404,2404,cd7e5c6c9b37a0eac54b218b,,,,
65,visit,Bunnings Innaloo Warehouse,2027-03-09T15:09:51+08:00,2027-03-09T15:39:51+08:00,Australia/Perth,Australia/Perth,2027-03-09T07:09:51+00:00,2027-03-09T07:39:51+00:00,1800,,2404,2404,2404,,Minimum 30-minute site visit; shop opening hours are not enforced.,,,
65,drive,Quest Innaloo,2027-03-09T15:39:51+08:00,2027-03-09T15:43:51+08:00,Australia/Perth,Australia/Perth,2027-03-09T07:39:51+00:00,2027-03-09T07:43:51+00:00,240.0,1414,2404,ChIJP8MlWgivMioRjKD4QvS4ExU,ChIJP8MlWgivMioRjKD4QvS4ExU,d812cecd6a79010e3960e76c,,,,
65,overnight,Quest Innaloo,2027-03-09T15:43:51+08:00,2027-03-10T09:00:00+08:00,Australia/Perth,Australia/Perth,2027-03-09T07:43:51+00:00,2027-03-10T01:00:00+00:00,62169.0,,ChIJP8MlWgivMioRjKD4QvS4ExU,ChIJP8MlWgivMioRjKD4QvS4ExU,ChIJP8MlWgivMioRjKD4QvS4ExU,,Example accommodation stop; availability is not checked.,,,
66,drive,Bunnings Balcatta Warehouse,2027-03-10T09:00:00+08:00,2027-03-10T09:09:41+08:00,Australia/Perth,Australia/Perth,2027-03-10T01:00:00+00:00,2027-03-10T01:09:41+00:00,581.0,6246,ChIJP8MlWgivMioRjKD4QvS4ExU,2010,2010,4cf155912e875833cfc92553,,,,
66,visit,Bunnings Balcatta Warehouse,2027-03-10T09:09:41+08:00,2027-03-10T09:39:41+08:00,Australia/Perth,Australia/Perth,2027-03-10T01:09:41+00:00,2027-03-10T01:39:41+00:00,1800,,2010,2010,2010,,Minimum 30-minute site visit; shop opening hours are not enforced.,,,
66,drive,Bunnings Mirrabooka Warehouse,2027-03-10T09:39:41+08:00,2027-03-10T09:48:35+08:00,Australia/Perth,Australia/Perth,2027-03-10T01:39:41+00:00,2027-03-10T01:48:35+00:00,534.0,7658,2010,2183,2183,13d207e678a4c3f1f0ce6217,,,,
66,visit,Bunnings Mirrabooka Warehouse,2027-03-10T09:48:35+08:00,2027-03-10T10:18:35+08:00,Australia/Perth,Australia/Perth,2027-03-10T01:48:35+00:00,2027-03-10T02:18:35+00:00,1800,,2183,2183,2183,,Minimum 30-minute site visit; shop opening hours are not enforced.,,,
66,drive,Bunnings Wangara Warehouse,2027-03-10T10:18:35+08:00,2027-03-10T10:33:01+08:00,Australia/Perth,Australia/Perth,2027-03-10T02:18:35+00:00,2027-03-10T02:33:01+00:00,866.0,10530,2183,2443,2443,1b8cfad51483f5da4fc0905a,,,,
66,visit,Bunnings Wangara Warehouse,2027-03-10T10:33:01+08:00,2027-03-10T11:03:01+08:00,Australia/Perth,Australia/Perth,2027-03-10T02:33:01+00:00,2027-03-10T03:03:01+00:00,1800,,2443,2443,2443,,Minimum 30-minute site visit; shop opening hours are not enforced.,,,
66,drive,Bunnings Joondalup Warehouse,2027-03-10T11:03:01+08:00,2027-03-10T11:17:32+08:00,Australia/Perth,Australia/Perth,2027-03-10T03:03:01+00:00,2027-03-10T03:17:32+00:00,871.0,9453,2443,2435,2435,960741f55f3cf718cacb45ff,,,,
66,visit,Bunnings Joondalup Warehouse,2027-03-10T11:17:32+08:00,2027-03-10T11:47:32+08:00,Australia/Perth,Australia/Perth,2027-03-10T03:17:32+00:00,2027-03-10T03:47:32+00:00,1800,,2435,2435,2435,,Minimum 30-minute site visit; shop opening hours are not enforced.,,,
66,drive,Bunnings Mindarie Warehouse,2027-03-10T11:47:32+08:00,2027-03-10T12:00:23+08:00,Australia/Perth,Australia/Perth,2027-03-10T03:47:32+00:00,2027-03-10T04:00:23+00:00,771.0,11125,2435,2170,2170,4419587bbb2a94a875e2cf5b,,,,
66,visit,Bunnings Mindarie Warehouse,2027-03-10T12:00:23+08:00,2027-03-10T12:30:23+08:00,Australia/Perth,Australia/Perth,2027-03-10T04:00:23+00:00,2027-03-10T04:30:23+00:00,1800,,2170,2170,2170,,Minimum 30-minute site visit; shop opening hours are not enforced.,,,
66,drive,Bunnings Ellenbrook Warehouse,2027-03-10T12:30:23+08:00,2027-03-10T12:59:33+08:00,Australia/Perth,Australia/Perth,2027-03-10T04:30:23+00:00,2027-03-10T04:59:33+00:00,1750.0,31723,2170,2174,2174,80a5143a9cb9dd89703bf147,,,,
66,visit,Bunnings Ellenbrook Warehouse,2027-03-10T12:59:33+08:00,2027-03-10T13:29:33+08:00,Australia/Perth,Australia/Perth,2027-03-10T04:59:33+00:00,2027-03-10T05:29:33+00:00,1800,,2174,2174,2174,,Minimum 30-minute site visit; shop opening hours are not enforced.,,,
66,drive,Bunnings Bayswater WA Warehouse,2027-03-10T13:29:33+08:00,2027-03-10T13:46:19+08:00,Australia/Perth,Australia/Perth,2027-03-10T05:29:33+00:00,2027-03-10T05:46:19+00:00,1006.0,18990,2174,2445,2445,4d0f0aeb7948b490aeb43c8c,,,,
66,visit,Bunnings Bayswater WA Warehouse,2027-03-10T13:46:19+08:00,2027-03-10T14:16:19+08:00,Australia/Perth,Australia/Perth,2027-03-10T05:46:19+00:00,2027-03-10T06:16:19+00:00,1800,,2445,2445,2445,,Minimum 30-minute site visit; shop opening hours are not enforced.,,,
66,drive,Bunnings Belmont WA Warehouse,2027-03-10T14:16:19+08:00,2027-03-10T14:29:49+08:00,Australia/Perth,Australia/Perth,2027-03-10T06:16:19+00:00,2027-03-10T06:29:49+00:00,810.0,8821,2445,2052,2052,4203ec7f1e0c6d31496a3414,,,,
66,visit,Bunnings Belmont WA Warehouse,2027-03-10T14:29:49+08:00,2027-03-10T14:59:49+08:00,Australia/Perth,Australia/Perth,2027-03-10T06:29:49+00:00,2027-03-10T06:59:49+00:00,1800,,2052,2052,2052,,Minimum 30-minute site visit; shop opening hours are not enforced.,,,
66,drive,Bunnings East Victoria Park Warehouse,2027-03-10T14:59:49+08:00,2027-03-10T15:11:17+08:00,Australia/Perth,Australia/Perth,2027-03-10T06:59:49+00:00,2027-03-10T07:11:17+00:00,688.0,5523,2052,2437,2437,3b34bbcb3c03d80d9c58d37c,,,,
66,visit,Bunnings East Victoria Park Warehouse,2027-03-10T15:11:17+08:00,2027-03-10T15:41:17+08:00,Australia/Perth,Australia/Perth,2027-03-10T07:11:17+00:00,2027-03-10T07:41:17+00:00,1800,,2437,2437,2437,,Minimum 30-minute site visit; shop opening hours are not enforced.,,,
66,drive,Durham Lodge Bed & Breakfast,2027-03-10T15:41:17+08:00,2027-03-10T15:46:06+08:00,Australia/Perth,Australia/Perth,2027-03-10T07:41:17+00:00,2027-03-10T07:46:06+00:00,289.0,2527,2437,ChIJPxYCc527MioRZ6-Jd9pS3YI,ChIJPxYCc527MioRZ6-Jd9pS3YI,33c386d837fd2751a896888a,,,,
66,overnight,Durham Lodge Bed & Breakfast,2027-03-10T15:46:06+08:00,2027-03-11T09:00:00+08:00,Australia/Perth,Australia/Perth,2027-03-10T07:46:06+00:00,2027-03-11T01:00:00+00:00,62034.0,,ChIJPxYCc527MioRZ6-Jd9pS3YI,ChIJPxYCc527MioRZ6-Jd9pS3YI,ChIJPxYCc527MioRZ6-Jd9pS3YI,,Example accommodation stop; availability is not checked.,,,
67,drive,Bunnings Willetton Warehouse,2027-03-11T09:00:00+08:00,2027-03-11T09:17:14+08:00,Australia/Perth,Australia/Perth,2027-03-11T01:00:00+00:00,2027-03-11T01:17:14+00:00,1034.0,10217,ChIJPxYCc527MioRZ6-Jd9pS3YI,2206,2206,331a9a7653fd6254061c23d9,,,,
67,visit,Bunnings Willetton Warehouse,2027-03-11T09:17:14+08:00,2027-03-11T09:47:14+08:00,Australia/Perth,Australia/Perth,2027-03-11T01:17:14+00:00,2027-03-11T01:47:14+00:00,1800,,2206,2206,2206,,Minimum 30-minute site visit; shop opening hours are not enforced.,,,
67,drive,Bunnings Cockburn Central Warehouse,2027-03-11T09:47:14+08:00,2027-03-11T09:59:33+08:00,Australia/Perth,Australia/Perth,2027-03-11T01:47:14+00:00,2027-03-11T01:59:33+00:00,739.0,12688,2206,2160,2160,d2edb60e75dfe34d6b8c559f,,,,
67,visit,Bunnings Cockburn Central Warehouse,2027-03-11T09:59:33+08:00,2027-03-11T10:29:33+08:00,Australia/Perth,Australia/Perth,2027-03-11T01:59:33+00:00,2027-03-11T02:29:33+00:00,1800,,2160,2160,2160,,Minimum 30-minute site visit; shop opening hours are not enforced.,,,
67,drive,Bunnings Armadale Warehouse,2027-03-11T10:29:33+08:00,2027-03-11T10:41:03+08:00,Australia/Perth,Australia/Perth,2027-03-11T02:29:33+00:00,2027-03-11T02:41:03+00:00,690.0,10567,2160,2432,2432,4f4d670f537edc685f47f4d8,,,,
67,visit,Bunnings Armadale Warehouse,2027-03-11T10:41:03+08:00,2027-03-11T11:11:03+08:00,Australia/Perth,Australia/Perth,2027-03-11T02:41:03+00:00,2027-03-11T03:11:03+00:00,1800,,2432,2432,2432,,Minimum 30-minute site visit; shop opening hours are not enforced.,,,
67,drive,Bunnings Harrisdale Warehouse,2027-03-11T11:11:03+08:00,2027-03-11T11:19:19+08:00,Australia/Perth,Australia/Perth,2027-03-11T03:11:03+00:00,2027-03-11T03:19:19+00:00,496.0,5993,2432,2016,2016,b33b95e8c12e11c250a041fb,,,,
67,visit,Bunnings Harrisdale Warehouse,2027-03-11T11:19:19+08:00,2027-03-11T11:49:19+08:00,Australia/Perth,Australia/Perth,2027-03-11T03:19:19+00:00,2027-03-11T03:49:19+00:00,1800,,2016,2016,2016,,Minimum 30-minute site visit; shop opening hours are not enforced.,,,
67,drive,Bunnings Maddington Warehouse,2027-03-11T11:49:19+08:00,2027-03-11T12:04:26+08:00,Australia/Perth,Australia/Perth,2027-03-11T03:49:19+00:00,2027-03-11T04:04:26+00:00,907.0,9455,2016,2130,2130,f2e7fe90b3e8a9849e74f057,,,,
67,visit,Bunnings Maddington Warehouse,2027-03-11T12:04:26+08:00,2027-03-11T12:34:26+08:00,Australia/Perth,Australia/Perth,2027-03-11T04:04:26+00:00,2027-03-11T04:34:26+00:00,1800,,2130,2130,2130,,Minimum 30-minute site visit; shop opening hours are not enforced.,,,
67,drive,Bunnings Cannington Warehouse,2027-03-11T12:34:26+08:00,2027-03-11T12:44:28+08:00,Australia/Perth,Australia/Perth,2027-03-11T04:34:26+00:00,2027-03-11T04:44:28+00:00,602.0,5515,2130,2438,2438,e9e73687f9e48c59471888a1,,,,
67,visit,Bunnings Cannington Warehouse,2027-03-11T12:44:28+08:00,2027-03-11T13:14:28+08:00,Australia/Perth,Australia/Perth,2027-03-11T04:44:28+00:00,2027-03-11T05:14:28+00:00,1800,,2438,2438,2438,,Minimum 30-minute site visit; shop opening hours are not enforced.,,,
67,drive,Bunnings Kalamunda Warehouse,2027-03-11T13:14:28+08:00,2027-03-11T13:35:47+08:00,Australia/Perth,Australia/Perth,2027-03-11T05:14:28+00:00,2027-03-11T05:35:47+00:00,1279.0,19435,2438,2094,2094,32d38354f94d807c51e84906,,,,
67,visit,Bunnings Kalamunda Warehouse,2027-03-11T13:35:47+08:00,2027-03-11T14:05:47+08:00,Australia/Perth,Australia/Perth,2027-03-11T05:35:47+00:00,2027-03-11T06:05:47+00:00,1800,,2094,2094,2094,,Minimum 30-minute site visit; shop opening hours are not enforced.,,,
67,drive,Bunnings Hazelmere Trade Centre,2027-03-11T14:05:47+08:00,2027-03-11T14:17:51+08:00,Australia/Perth,Australia/Perth,2027-03-11T06:05:47+00:00,2027-03-11T06:17:51+00:00,724.0,8695,2094,2441,2441,f2b376fd4fc6bc7ab473c4a3,,,,
67,visit,Bunnings Hazelmere Trade Centre,2027-03-11T14:17:51+08:00,2027-03-11T14:47:51+08:00,Australia/Perth,Australia/Perth,2027-03-11T06:17:51+00:00,2027-03-11T06:47:51+00:00,1800,,2441,2441,2441,,Minimum 30-minute site visit; shop opening hours are not enforced.,,,
67,drive,Bunnings Midland Warehouse,2027-03-11T14:47:51+08:00,2027-03-11T14:55:45+08:00,Australia/Perth,Australia/Perth,2027-03-11T06:47:51+00:00,2027-03-11T06:55:45+00:00,474.0,4580,2441,2440,2440,ac39b06d4e7bd96495ab1ef8,,,,
67,visit,Bunnings Midland Warehouse,2027-03-11T14:55:45+08:00,2027-03-11T15:25:45+08:00,Australia/Perth,Australia/Perth,2027-03-11T06:55:45+00:00,2027-03-11T07:25:45+00:00,1800,,2440,2440,2440,,Minimum 30-minute site visit; shop opening hours are not enforced.,,,
67,drive,Amaroo Retreat & Spa,2027-03-11T15:25:45+08:00,2027-03-11T15:52:40+08:00,Australia/Perth,Australia/Perth,2027-03-11T07:25:45+00:00,2027-03-11T07:52:40+00:00,1615.0,24909,2440,ChIJRYAGkTjFMioR7Vh2Lgo9zH0,ChIJRYAGkTjFMioR7Vh2Lgo9zH0,3b6aac9411b382c392d216d8,,,,
67,overnight,Amaroo Retreat & Spa,2027-03-11T15:52:40+08:00,2027-03-12T09:00:00+08:00,Australia/Perth,Australia/Perth,2027-03-11T07:52:40+00:00,2027-03-12T01:00:00+00:00,61640.0,,ChIJRYAGkTjFMioR7Vh2Lgo9zH0,ChIJRYAGkTjFMioR7Vh2Lgo9zH0,ChIJRYAGkTjFMioR7Vh2Lgo9zH0,,Example accommodation stop; availability is not checked.,,,
68,drive,Bunnings Northam Warehouse,2027-03-12T09:00:00+08:00,2027-03-12T09:46:56+08:00,Australia/Perth,Australia/Perth,2027-03-12T01:00:00+00:00,2027-03-12T01:46:56+00:00,2816.0,64583,ChIJRYAGkTjFMioR7Vh2Lgo9zH0,2182,2182,3e824e2980325b8e74a7c9aa,,,,
68,visit,Bunnings Northam Warehouse,2027-03-12T09:46:56+08:00,2027-03-12T10:16:56+08:00,Australia/Perth,Australia/Perth,2027-03-12T01:46:56+00:00,2027-03-12T02:16:56+00:00,1800,,2182,2182,2182,,Minimum 30-minute site visit; shop opening hours are not enforced.,,,
68,drive,Bunnings Geraldton Warehouse,2027-03-12T10:16:56+08:00,2027-03-12T14:57:03+08:00,Australia/Perth,Australia/Perth,2027-03-12T02:16:56+00:00,2027-03-12T06:57:03+00:00,16807.0,437482,2182,2355,2355,7007a0e72f20607ec23aa359,,,,
68,visit,Bunnings Geraldton Warehouse,2027-03-12T14:57:03+08:00,2027-03-12T15:27:03+08:00,Australia/Perth,Australia/Perth,2027-03-12T06:57:03+00:00,2027-03-12T07:27:03+00:00,1800,,2355,2355,2355,,Minimum 30-minute site visit; shop opening hours are not enforced.,,,
68,drive,The Railway Tavern Northampton,2027-03-12T15:27:03+08:00,2027-03-12T16:02:07+08:00,Australia/Perth,Australia/Perth,2027-03-12T07:27:03+00:00,2027-03-12T08:02:07+00:00,2104.0,48500,2355,ChIJY5Blyhu62ysRX8yN3n3rl-U,ChIJY5Blyhu62ysRX8yN3n3rl-U,c8ac8aa1ea53279668d8e379,,,,
68,overnight,The Railway Tavern Northampton,2027-03-12T16:02:07+08:00,2027-03-13T09:00:00+08:00,Australia/Perth,Australia/Perth,2027-03-12T08:02:07+00:00,2027-03-13T01:00:00+00:00,61073.0,,ChIJY5Blyhu62ysRX8yN3n3rl-U,ChIJY5Blyhu62ysRX8yN3n3rl-U,ChIJY5Blyhu62ysRX8yN3n3rl-U,,Example accommodation stop; availability is not checked.,,,
69,drive,Carnarvon Capricorn Holiday Park,2027-03-13T09:00:00+08:00,2027-03-13T13:18:34+08:00,Australia/Perth,Australia/Perth,2027-03-13T01:00:00+00:00,2027-03-13T05:18:34+00:00,15514.0,423599,ChIJY5Blyhu62ysRX8yN3n3rl-U,ChIJo1x8Tx3B4ysRaNplWYf_NoU,ChIJo1x8Tx3B4ysRaNplWYf_NoU,cba5ae5b1d575175c0d6dfb1,,,,
69,overnight,Carnarvon Capricorn Holiday Park,2027-03-13T13:18:34+08:00,2027-03-14T09:00:00+08:00,Australia/Perth,Australia/Perth,2027-03-13T05:18:34+00:00,2027-03-14T01:00:00+00:00,70886.0,,ChIJo1x8Tx3B4ysRaNplWYf_NoU,ChIJo1x8Tx3B4ysRaNplWYf_NoU,ChIJo1x8Tx3B4ysRaNplWYf_NoU,,Example accommodation stop; availability is not checked.,,,
70,drive,The Cove Holiday Village,2027-03-14T09:00:00+08:00,2027-03-14T15:57:51+08:00,Australia/Perth,Australia/Perth,2027-03-14T01:00:00+00:00,2027-03-14T07:57:51+00:00,25071.0,680107,ChIJo1x8Tx3B4ysRaNplWYf_NoU,ChIJNYRaN8jh9SsRZ8oZ6Owjcz8,ChIJNYRaN8jh9SsRZ8oZ6Owjcz8,39bfe16c65ff80579e814e2b,,,,
70,overnight,The Cove Holiday Village,2027-03-14T15:57:51+08:00,2027-03-15T09:00:00+08:00,Australia/Perth,Australia/Perth,2027-03-14T07:57:51+00:00,2027-03-15T01:00:00+00:00,61329.0,,ChIJNYRaN8jh9SsRZ8oZ6Owjcz8,ChIJNYRaN8jh9SsRZ8oZ6Owjcz8,ChIJNYRaN8jh9SsRZ8oZ6Owjcz8,,Example accommodation stop; availability is not checked.,,,
71,drive,Walkabout Motel Port Hedland,2027-03-15T09:00:00+08:00,2027-03-15T11:21:01+08:00,Australia/Perth,Australia/Perth,2027-03-15T01:00:00+00:00,2027-03-15T03:21:01+00:00,8461.0,215824,ChIJNYRaN8jh9SsRZ8oZ6Owjcz8,ChIJZyNYKAxL9SsRUWbr61VoBgM,ChIJZyNYKAxL9SsRUWbr61VoBgM,d77fae09b074951ff01af1fc,,,,
71,overnight,Walkabout Motel Port Hedland,2027-03-15T11:21:01+08:00,2027-03-16T09:00:00+08:00,Australia/Perth,Australia/Perth,2027-03-15T03:21:01+00:00,2027-03-16T01:00:00+00:00,77939.0,,ChIJZyNYKAxL9SsRUWbr61VoBgM,ChIJZyNYKAxL9SsRUWbr61VoBgM,ChIJZyNYKAxL9SsRUWbr61VoBgM,,Example accommodation stop; availability is not checked.,,,
72,drive,Broome Caravan Park,2027-03-16T09:00:00+08:00,2027-03-16T15:10:08+08:00,Australia/Perth,Australia/Perth,2027-03-16T01:00:00+00:00,2027-03-16T07:10:08+00:00,22208.0,594000,ChIJZyNYKAxL9SsRUWbr61VoBgM,ChIJmXEA8BAueiwRVWillpms0aY,ChIJmXEA8BAueiwRVWillpms0aY,975e9cfc1fb963e3960bf4e9,,,,
72,overnight,Broome Caravan Park,2027-03-16T15:10:08+08:00,2027-03-17T09:00:00+08:00,Australia/Perth,Australia/Perth,2027-03-16T07:10:08+00:00,2027-03-17T01:00:00+00:00,64192.0,,ChIJmXEA8BAueiwRVWillpms0aY,ChIJmXEA8BAueiwRVWillpms0aY,ChIJmXEA8BAueiwRVWillpms0aY,,Example accommodation stop; availability is not checked.,,,
73,drive,Bunnings Broome Warehouse,2027-03-17T09:00:00+08:00,2027-03-17T09:11:24+08:00,Australia/Perth,Australia/Perth,2027-03-17T01:00:00+00:00,2027-03-17T01:11:24+00:00,684.0,8177,ChIJmXEA8BAueiwRVWillpms0aY,2210,2210,ed62c2745a94210341bacef3,,,,
73,visit,Bunnings Broome Warehouse,2027-03-17T09:11:24+08:00,2027-03-17T09:41:24+08:00,Australia/Perth,Australia/Perth,2027-03-17T01:11:24+00:00,2027-03-17T01:41:24+00:00,1800,,2210,2210,2210,,Minimum 30-minute site visit; shop opening hours are not enforced.,,,
73,drive,Fitzroy River Lodge,2027-03-17T09:41:24+08:00,2027-03-17T13:58:16+08:00,Australia/Perth,Australia/Perth,2027-03-17T01:41:24+00:00,2027-03-17T05:58:16+00:00,15412.0,401161,2210,ChIJf7lsOGuYgSwRIUdM8nSwggM,ChIJf7lsOGuYgSwRIUdM8nSwggM,a0740cecf3f9e1d38cccc4ca,,,,
73,overnight,Fitzroy River Lodge,2027-03-17T13:58:16+08:00,2027-03-18T09:00:00+08:00,Australia/Perth,Australia/Perth,2027-03-17T05:58:16+00:00,2027-03-18T01:00:00+00:00,68504.0,,ChIJf7lsOGuYgSwRIUdM8nSwggM,ChIJf7lsOGuYgSwRIUdM8nSwggM,ChIJf7lsOGuYgSwRIUdM8nSwggM,,Example accommodation stop; availability is not checked.,,,
74,drive,Lily Lagoon Resort,2027-03-18T09:00:00+08:00,2027-03-18T15:52:27+08:00,Australia/Perth,Australia/Perth,2027-03-18T01:00:00+00:00,2027-03-18T07:52:27+00:00,24747.0,646960,ChIJf7lsOGuYgSwRIUdM8nSwggM,ChIJPbZipmbzmSwRI2yr7W9FivA,ChIJPbZipmbzmSwRI2yr7W9FivA,0492dab2ed196b4309ea269c,,,,
74,overnight,Lily Lagoon Resort,2027-03-18T15:52:27+08:00,2027-03-19T09:00:00+08:00,Australia/Perth,Australia/Perth,2027-03-18T07:52:27+00:00,2027-03-19T01:00:00+00:00,61653.0,,ChIJPbZipmbzmSwRI2yr7W9FivA,ChIJPbZipmbzmSwRI2yr7W9FivA,ChIJPbZipmbzmSwRI2yr7W9FivA,,Example accommodation stop; availability is not checked.,,,
75,drive,Paraway Motel,2027-03-19T09:00:00+08:00,2027-03-19T15:53:31+09:30,Australia/Perth,Australia/Darwin,2027-03-19T01:00:00+00:00,2027-03-19T06:23:31+00:00,19411.0,512547,ChIJPbZipmbzmSwRI2yr7W9FivA,ChIJV4F4qbi_uiwRCW6Wz23phuo,ChIJV4F4qbi_uiwRCW6Wz23phuo,3b3efe55534fc2c3f76e622a,,,,
75,overnight,Paraway Motel,2027-03-19T15:53:31+09:30,2027-03-20T09:00:00+09:30,Australia/Darwin,Australia/Darwin,2027-03-19T06:23:31+00:00,2027-03-19T23:30:00+00:00,61589.0,,ChIJV4F4qbi_uiwRCW6Wz23phuo,ChIJV4F4qbi_uiwRCW6Wz23phuo,ChIJV4F4qbi_uiwRCW6Wz23phuo,,Example accommodation stop; availability is not checked.,,,
76,drive,Bunnings Darwin Warehouse,2027-03-20T09:00:00+09:30,2027-03-20T12:18:14+09:30,Australia/Darwin,Australia/Darwin,2027-03-19T23:30:00+00:00,2027-03-20T02:48:14+00:00,11894.0,315147,ChIJV4F4qbi_uiwRCW6Wz23phuo,2320,2320,770c931945ef211052cdc052,,,,
76,visit,Bunnings Darwin Warehouse,2027-03-20T12:18:14+09:30,2027-03-20T12:48:14+09:30,Australia/Darwin,Australia/Darwin,2027-03-20T02:48:14+00:00,2027-03-20T03:18:14+00:00,1800,,2320,2320,2320,,Minimum 30-minute site visit; shop opening hours are not enforced.,,,
76,drive,Bunnings Palmerston Warehouse,2027-03-20T12:48:14+09:30,2027-03-20T13:06:45+09:30,Australia/Darwin,Australia/Darwin,2027-03-20T03:18:14+00:00,2027-03-20T03:36:45+00:00,1111.0,19766,2320,2328,2328,86c6dd28b172fa220f2bb283,,,,
76,visit,Bunnings Palmerston Warehouse,2027-03-20T13:06:45+09:30,2027-03-20T13:36:45+09:30,Australia/Darwin,Australia/Darwin,2027-03-20T03:36:45+00:00,2027-03-20T04:06:45+00:00,1800,,2328,2328,2328,,Minimum 30-minute site visit; shop opening hours are not enforced.,,,
76,drive,Quest Palmerston,2027-03-20T13:36:45+09:30,2027-03-20T13:41:48+09:30,Australia/Darwin,Australia/Darwin,2027-03-20T04:06:45+00:00,2027-03-20T04:11:48+00:00,303.0,2236,2328,ChIJ4cYOWzG9wCwRhbbGNtMqrBU,ChIJ4cYOWzG9wCwRhbbGNtMqrBU,920539561def869a2b775351,,,,
76,overnight,Quest Palmerston,2027-03-20T13:41:48+09:30,2027-03-21T09:00:00+09:30,Australia/Darwin,Australia/Darwin,2027-03-20T04:11:48+00:00,2027-03-20T23:30:00+00:00,69492.0,,ChIJ4cYOWzG9wCwRhbbGNtMqrBU,ChIJ4cYOWzG9wCwRhbbGNtMqrBU,ChIJ4cYOWzG9wCwRhbbGNtMqrBU,,Example accommodation stop; availability is not checked.,,,
